,run_id,final_state,target_character,pe,branch_factor,exp_name,evaluator,total_iterations,n_self_alignment,feedback_type,total_timesteps,reward_feature,fewshot,problem,seed,Evaluation/llm_iteration,Evaluation/acc_imp_perc,Evaluation/exist_imp_perc,Evaluation/reach_imp_perc,Evaluation/path_length,Evaluation/fn_imp_perc,Evaluation/fp_imp_perc,Evaluation/tn_imp_perc,Evaluation/tp_imp_perc,Evaluation/solvability,Evaluation/playability
1764,r91vrrbc,pe-cot_it-6_fit-hr_exp-feedback_t-sce_chr-1_1_s-1,1,cot,2,feedback,hr,6,0,default,10000000,array,False,dungeon3,1,1,0.2888888716697693,1.0,1.0,26.000001907348633,1.3000000715255735,0.8333333730697632,0.3000000119209289,0.5666667222976685,0.5666667222976685,1.0
1765,r91vrrbc,pe-cot_it-6_fit-hr_exp-feedback_t-sce_chr-1_1_s-1,1,cot,2,feedback,hr,6,0,default,10000000,array,False,dungeon3,1,2,0.0111111123114824,0.6000000238418579,0.1333333402872085,27.0,2.933333396911621,0.0333333350718021,0.0333333350718021,0.0,0.0333333350718021,0.0666666701436042
1766,r91vrrbc,pe-cot_it-6_fit-hr_exp-feedback_t-sce_chr-1_1_s-1,1,cot,2,feedback,hr,6,0,default,10000000,array,False,dungeon3,1,3,0.0,0.4666666984558105,0.0333333350718021,0.0,3.000000238418579,0.0,0.0,0.0,0.0,0.0
1767,r91vrrbc,pe-cot_it-6_fit-hr_exp-feedback_t-sce_chr-1_1_s-1,1,cot,2,feedback,hr,6,0,default,10000000,array,False,dungeon3,1,4,0.2666667103767395,0.8666667342185974,0.8666667342185974,26.000001907348633,1.3666667938232422,0.8333333730697632,0.3666666746139526,0.4333333671092987,0.6000000238418579,1.0
1768,r91vrrbc,pe-cot_it-6_fit-hr_exp-feedback_t-sce_chr-1_1_s-1,1,cot,2,feedback,hr,6,0,default,10000000,array,False,dungeon3,1,5,0.0222222246229648,0.4666666984558105,0.4666666984558105,26.000001907348633,2.933333396911621,0.0,0.0666666701436042,0.0,0.0333333350718021,1.0
1769,r91vrrbc,pe-cot_it-6_fit-hr_exp-feedback_t-sce_chr-1_1_s-1,1,cot,2,feedback,hr,6,0,default,10000000,array,False,dungeon3,1,6,0.3000000119209289,1.0,1.0,26.000001907348633,1.7000000476837158,0.4000000357627868,0.4666666984558105,0.4333333671092987,0.4333333671092987,1.0
1770,ugkg2fck,pe-cot_it-6_fit-hr_exp-feedback_t-sce_chr-1_1_s-2,1,cot,2,feedback,hr,6,0,default,10000000,array,False,dungeon3,2,1,0.0333333350718021,0.7333333492279053,0.4333333671092987,26.33333396911621,2.9000000953674316,0.0,0.0666666701436042,0.0333333350718021,0.0333333350718021,0.2000000178813934
1771,ugkg2fck,pe-cot_it-6_fit-hr_exp-feedback_t-sce_chr-1_1_s-2,1,cot,2,feedback,hr,6,0,default,10000000,array,False,dungeon3,2,2,0.0222222246229648,0.9666666984558104,0.9666666984558104,26.000001907348633,2.933333396911621,0.0,0.0666666701436042,0.0,0.0333333350718021,1.0
1772,ugkg2fck,pe-cot_it-6_fit-hr_exp-feedback_t-sce_chr-1_1_s-2,1,cot,2,feedback,hr,6,0,default,10000000,array,False,dungeon3,2,3,0.0,0.9333333969116212,0.9333333969116212,26.000001907348633,3.000000238418579,0.0,0.0,0.0,0.0,1.0
1773,ugkg2fck,pe-cot_it-6_fit-hr_exp-feedback_t-sce_chr-1_1_s-2,1,cot,2,feedback,hr,6,0,default,10000000,array,False,dungeon3,2,4,0.0,0.5333333611488342,0.5333333611488342,26.000001907348633,3.000000238418579,0.0,0.0,0.0,0.0,1.0
1774,ugkg2fck,pe-cot_it-6_fit-hr_exp-feedback_t-sce_chr-1_1_s-2,1,cot,2,feedback,hr,6,0,default,10000000,array,False,dungeon3,2,5,0.0,0.8333333730697632,0.8333333730697632,26.000001907348633,3.000000238418579,0.0,0.0,0.0,0.0,1.0
1775,ugkg2fck,pe-cot_it-6_fit-hr_exp-feedback_t-sce_chr-1_1_s-2,1,cot,2,feedback,hr,6,0,default,10000000,array,False,dungeon3,2,6,0.0222222246229648,0.9666666984558104,0.9333333969116212,26.200000762939453,2.933333396911621,0.0,0.0666666701436042,0.0,0.0333333350718021,1.0
1776,upkpok12,pe-cot_it-6_fit-hr_exp-feedback_t-sce_chr-1_1_s-3,1,cot,2,feedback,hr,6,0,default,10000000,array,False,dungeon3,3,1,0.0333333350718021,0.6333333849906921,0.6000000238418579,26.0,2.366666793823242,0.5333333611488342,0.0,0.1000000089406967,0.2666666805744171,0.9666666984558104
1777,upkpok12,pe-cot_it-6_fit-hr_exp-feedback_t-sce_chr-1_1_s-3,1,cot,2,feedback,hr,6,0,default,10000000,array,False,dungeon3,3,2,0.0111111123114824,0.1666666716337204,0.1666666716337204,26.06896591186523,2.433333396911621,0.5333333611488342,0.0,0.0333333350718021,0.2666666805744171,0.9666666984558104
1778,upkpok12,pe-cot_it-6_fit-hr_exp-feedback_t-sce_chr-1_1_s-3,1,cot,2,feedback,hr,6,0,default,10000000,array,False,dungeon3,3,3,0.0,0.1000000089406967,0.1000000089406967,26.38461685180664,2.4000000953674316,0.6000000238418579,0.0,0.0,0.3000000119209289,0.8666667342185974
1779,upkpok12,pe-cot_it-6_fit-hr_exp-feedback_t-sce_chr-1_1_s-3,1,cot,2,feedback,hr,6,0,default,10000000,array,False,dungeon3,3,4,0.0111111123114824,0.1666666716337204,0.1666666716337204,26.071430206298828,2.3000001907348633,0.6666666865348816,0.0,0.0333333350718021,0.3333333432674408,0.9333333969116212
1780,upkpok12,pe-cot_it-6_fit-hr_exp-feedback_t-sce_chr-1_1_s-3,1,cot,2,feedback,hr,6,0,default,10000000,array,False,dungeon3,3,5,0.0222222246229648,0.2666666805744171,0.2000000178813934,26.21428680419922,2.066666841506958,0.8666667342185974,0.0,0.0666666701436042,0.4333333671092987,0.9333333969116212
1781,upkpok12,pe-cot_it-6_fit-hr_exp-feedback_t-sce_chr-1_1_s-3,1,cot,2,feedback,hr,6,0,default,10000000,array,False,dungeon3,3,6,0.1333333253860473,0.5333333611488342,0.5333333611488342,26.13793182373047,0.9333333969116212,1.6666667461395264,0.0,0.4000000357627868,0.8333333730697632,0.9666666984558104
1782,9jo0kk4j,pe-cot_it-6_fit-hr_exp-feedback_t-sce_chr-1_1_s-4,1,cot,2,feedback,hr,6,0,default,10000000,array,False,dungeon3,4,1,0.0333333350718021,0.9666666984558104,0.7000000476837158,28.399999618530273,2.9000000953674316,0.0,0.0666666701436042,0.0333333350718021,0.0333333350718021,0.1666666716337204
1783,9jo0kk4j,pe-cot_it-6_fit-hr_exp-feedback_t-sce_chr-1_1_s-4,1,cot,2,feedback,hr,6,0,default,10000000,array,False,dungeon3,4,2,0.0222222246229648,0.5666667222976685,0.1666666716337204,29.5,2.8333334922790527,0.1000000089406967,0.0333333350718021,0.0333333350718021,0.0666666701436042,0.1333333402872085
1784,9jo0kk4j,pe-cot_it-6_fit-hr_exp-feedback_t-sce_chr-1_1_s-4,1,cot,2,feedback,hr,6,0,default,10000000,array,False,dungeon3,4,3,0.0,0.6333333849906921,0.1333333402872085,0.0,3.000000238418579,0.0,0.0,0.0,0.0,0.0
1785,9jo0kk4j,pe-cot_it-6_fit-hr_exp-feedback_t-sce_chr-1_1_s-4,1,cot,2,feedback,hr,6,0,default,10000000,array,False,dungeon3,4,4,0.0,0.8666667342185974,0.2333333492279052,0.0,3.000000238418579,0.0,0.0,0.0,0.0,0.0
1786,9jo0kk4j,pe-cot_it-6_fit-hr_exp-feedback_t-sce_chr-1_1_s-4,1,cot,2,feedback,hr,6,0,default,10000000,array,False,dungeon3,4,5,0.0,0.6333333849906921,0.1333333402872085,0.0,3.000000238418579,0.0,0.0,0.0,0.0,0.0
1787,9jo0kk4j,pe-cot_it-6_fit-hr_exp-feedback_t-sce_chr-1_1_s-4,1,cot,2,feedback,hr,6,0,default,10000000,array,False,dungeon3,4,6,0.1888888925313949,0.6333333849906921,0.6333333849906921,26.000001907348633,2.266666889190674,0.1666666716337204,0.5,0.0666666701436042,0.3333333432674408,1.0
1788,t9gq570d,pe-cot_it-6_fit-hr_exp-feedback_t-sce_chr-1_1_s-5,1,cot,2,feedback,hr,6,0,default,10000000,array,False,dungeon3,5,1,0.0,1.0,0.3666666746139526,0.0,3.000000238418579,0.0,0.0,0.0,0.0,0.0
1789,t9gq570d,pe-cot_it-6_fit-hr_exp-feedback_t-sce_chr-1_1_s-5,1,cot,2,feedback,hr,6,0,default,10000000,array,False,dungeon3,5,2,0.0,0.9000000357627869,0.2000000178813934,0.0,3.000000238418579,0.0,0.0,0.0,0.0,0.0
1790,t9gq570d,pe-cot_it-6_fit-hr_exp-feedback_t-sce_chr-1_1_s-5,1,cot,2,feedback,hr,6,0,default,10000000,array,False,dungeon3,5,3,0.3000000119209289,0.8333333730697632,0.8333333730697632,26.000001907348633,0.6333333849906921,1.4666666984558103,0.3333333432674408,0.5666667222976685,0.9000000357627869,1.0
1791,t9gq570d,pe-cot_it-6_fit-hr_exp-feedback_t-sce_chr-1_1_s-5,1,cot,2,feedback,hr,6,0,default,10000000,array,False,dungeon3,5,4,0.2000000327825546,0.8000000715255737,0.8000000715255737,26.0,0.8000000715255737,1.6000001430511477,0.0,0.6000000238418579,0.8000000715255737,0.9666666984558104
1792,t9gq570d,pe-cot_it-6_fit-hr_exp-feedback_t-sce_chr-1_1_s-5,1,cot,2,feedback,hr,6,0,default,10000000,array,False,dungeon3,5,5,0.5,1.0,1.0,26.000001907348633,0.0,1.5000001192092896,0.5,1.0,1.0,1.0
1793,t9gq570d,pe-cot_it-6_fit-hr_exp-feedback_t-sce_chr-1_1_s-5,1,cot,2,feedback,hr,6,0,default,10000000,array,False,dungeon3,5,6,0.3111111223697662,1.0,1.0,26.000001907348633,0.1333333402872085,1.933333396911621,0.0,0.9333333969116212,0.9666666984558104,1.0
1794,cwt10wg7,pe-cot_it-6_fit-hr_exp-feedback_t-sce_chr-1_1_fb-gen_s-1,1,cot,2,feedback,hr,6,0,generic,10000000,array,False,dungeon3,1,1,0.0,0.8666667342185974,0.2666666805744171,0.0,3.000000238418579,0.0,0.0,0.0,0.0,0.0
1795,d94o55tv,pe-cot_it-6_fit-hr_exp-feedback_t-sce_chr-1_1_fb-gen_s-2,1,cot,2,feedback,hr,6,0,generic,10000000,array,False,dungeon3,2,1,0.0,1.0,0.3000000119209289,0.0,3.000000238418579,0.0,0.0,0.0,0.0,0.0
1796,d94o55tv,pe-cot_it-6_fit-hr_exp-feedback_t-sce_chr-1_1_fb-gen_s-2,1,cot,2,feedback,hr,6,0,generic,10000000,array,False,dungeon3,2,2,0.222222238779068,1.0,0.7333333492279053,26.22222328186035,2.3333334922790527,0.0,0.4666666984558105,0.2000000178813934,0.2333333492279052,0.3000000119209289
1797,d94o55tv,pe-cot_it-6_fit-hr_exp-feedback_t-sce_chr-1_1_fb-gen_s-2,1,cot,2,feedback,hr,6,0,generic,10000000,array,False,dungeon3,2,3,0.222222238779068,1.0,0.7333333492279053,26.22222328186035,2.3333334922790527,0.0,0.4666666984558105,0.2000000178813934,0.2333333492279052,0.3000000119209289
1798,d94o55tv,pe-cot_it-6_fit-hr_exp-feedback_t-sce_chr-1_1_fb-gen_s-2,1,cot,2,feedback,hr,6,0,generic,10000000,array,False,dungeon3,2,4,0.222222238779068,1.0,0.7333333492279053,26.22222328186035,2.3333334922790527,0.0,0.4666666984558105,0.2000000178813934,0.2333333492279052,0.3000000119209289
1799,d94o55tv,pe-cot_it-6_fit-hr_exp-feedback_t-sce_chr-1_1_fb-gen_s-2,1,cot,2,feedback,hr,6,0,generic,10000000,array,False,dungeon3,2,5,0.222222238779068,1.0,0.7333333492279053,26.22222328186035,2.3333334922790527,0.0,0.4666666984558105,0.2000000178813934,0.2333333492279052,0.3000000119209289
1800,d94o55tv,pe-cot_it-6_fit-hr_exp-feedback_t-sce_chr-1_1_fb-gen_s-2,1,cot,2,feedback,hr,6,0,generic,10000000,array,False,dungeon3,2,6,0.222222238779068,1.0,0.7333333492279053,26.22222328186035,2.3333334922790527,0.0,0.4666666984558105,0.2000000178813934,0.2333333492279052,0.3000000119209289
1801,2s6rooiz,pe-cot_it-6_fit-hr_exp-feedback_t-sce_chr-1_1_fb-gen_s-3,1,cot,2,feedback,hr,6,0,generic,10000000,array,False,dungeon3,3,1,0.5333333611488342,1.0,0.9666666984558104,27.125,1.4000000953674316,0.0,1.0666667222976685,0.5333333611488342,0.4666666984558105,0.5333333611488342
1802,2s6rooiz,pe-cot_it-6_fit-hr_exp-feedback_t-sce_chr-1_1_fb-gen_s-3,1,cot,2,feedback,hr,6,0,generic,10000000,array,False,dungeon3,3,2,0.111111119389534,0.9000000357627869,0.4666666984558105,26.5,2.6666667461395264,0.0,0.2666666805744171,0.0666666701436042,0.0666666701436042,0.1333333402872085
1803,2s6rooiz,pe-cot_it-6_fit-hr_exp-feedback_t-sce_chr-1_1_fb-gen_s-3,1,cot,2,feedback,hr,6,0,generic,10000000,array,False,dungeon3,3,3,0.4333333671092987,0.8333333730697632,0.7333333492279053,26.400001525878903,1.7000000476837158,0.0,1.0,0.3000000119209289,0.2666666805744171,0.5
1804,2s6rooiz,pe-cot_it-6_fit-hr_exp-feedback_t-sce_chr-1_1_fb-gen_s-3,1,cot,2,feedback,hr,6,0,generic,10000000,array,False,dungeon3,3,4,0.0888888984918594,0.8666667342185974,0.3666666746139526,27.33333396911621,2.7333335876464844,0.0,0.2000000178813934,0.0666666701436042,0.0,0.1000000089406967
1805,2s6rooiz,pe-cot_it-6_fit-hr_exp-feedback_t-sce_chr-1_1_fb-gen_s-3,1,cot,2,feedback,hr,6,0,generic,10000000,array,False,dungeon3,3,5,0.1777777969837188,0.8666667342185974,0.5,26.666667938232425,2.4666666984558105,0.0,0.4000000357627868,0.1333333402872085,0.0666666701436042,0.2000000178813934
1806,2s6rooiz,pe-cot_it-6_fit-hr_exp-feedback_t-sce_chr-1_1_fb-gen_s-3,1,cot,2,feedback,hr,6,0,generic,10000000,array,False,dungeon3,3,6,0.3222222626209259,0.8000000715255737,0.6000000238418579,26.33333396911621,2.033333539962769,0.0,0.8000000715255737,0.1666666716337204,0.0666666701436042,0.4000000357627868
1807,bwy6yara,pe-cot_it-6_fit-hr_exp-feedback_t-sce_chr-1_1_fb-gen_s-4,1,cot,2,feedback,hr,6,0,generic,10000000,array,False,dungeon3,4,1,0.5111111402511597,1.0,1.0,26.000001907348633,1.0,0.4666666984558105,0.8666667342185974,0.6666666865348816,0.6666666865348816,1.0
1808,bwy6yara,pe-cot_it-6_fit-hr_exp-feedback_t-sce_chr-1_1_fb-gen_s-4,1,cot,2,feedback,hr,6,0,generic,10000000,array,False,dungeon3,4,2,0.9111112356185912,1.0,1.0,26.000001907348633,0.1000000089406967,0.1666666716337204,1.7666667699813845,0.9666666984558104,0.9666666984558104,1.0
1809,bwy6yara,pe-cot_it-6_fit-hr_exp-feedback_t-sce_chr-1_1_fb-gen_s-4,1,cot,2,feedback,hr,6,0,generic,10000000,array,False,dungeon3,4,3,0.8666667342185974,1.0,1.0,26.000001907348633,0.1000000089406967,0.3000000119209289,1.633333444595337,0.9666666984558104,0.9666666984558104,1.0
1810,bwy6yara,pe-cot_it-6_fit-hr_exp-feedback_t-sce_chr-1_1_fb-gen_s-4,1,cot,2,feedback,hr,6,0,generic,10000000,array,False,dungeon3,4,4,0.8888888955116272,1.0,1.0,26.000001907348633,0.1000000089406967,0.2333333492279052,1.7000000476837158,0.9666666984558104,0.9666666984558104,1.0
1811,bwy6yara,pe-cot_it-6_fit-hr_exp-feedback_t-sce_chr-1_1_fb-gen_s-4,1,cot,2,feedback,hr,6,0,generic,10000000,array,False,dungeon3,4,5,0.8777778744697571,1.0,1.0,26.000001907348633,0.1000000089406967,0.2666666805744171,1.6666667461395264,0.9666666984558104,0.9666666984558104,1.0
1812,bwy6yara,pe-cot_it-6_fit-hr_exp-feedback_t-sce_chr-1_1_fb-gen_s-4,1,cot,2,feedback,hr,6,0,generic,10000000,array,False,dungeon3,4,6,0.9888889193534852,1.0,1.0,26.066667556762695,0.0,0.0333333350718021,1.9666668176651,1.0,1.0,1.0
1813,v9s2wmso,pe-cot_it-6_fit-hr_exp-feedback_t-sce_chr-1_1_fb-gen_s-5,1,cot,2,feedback,hr,6,0,generic,10000000,array,False,dungeon3,5,1,0.0222222246229648,0.6000000238418579,0.5,26.363637924194336,2.533333539962769,0.4000000357627868,0.0,0.0666666701436042,0.2000000178813934,0.7333333492279053
1814,v9s2wmso,pe-cot_it-6_fit-hr_exp-feedback_t-sce_chr-1_1_fb-gen_s-5,1,cot,2,feedback,hr,6,0,generic,10000000,array,False,dungeon3,5,2,0.0222222246229648,0.6000000238418579,0.5,26.363637924194336,2.533333539962769,0.4000000357627868,0.0,0.0666666701436042,0.2000000178813934,0.7333333492279053
1815,v9s2wmso,pe-cot_it-6_fit-hr_exp-feedback_t-sce_chr-1_1_fb-gen_s-5,1,cot,2,feedback,hr,6,0,generic,10000000,array,False,dungeon3,5,3,0.0222222246229648,0.6000000238418579,0.5,26.363637924194336,2.533333539962769,0.4000000357627868,0.0,0.0666666701436042,0.2000000178813934,0.7333333492279053
1816,v9s2wmso,pe-cot_it-6_fit-hr_exp-feedback_t-sce_chr-1_1_fb-gen_s-5,1,cot,2,feedback,hr,6,0,generic,10000000,array,False,dungeon3,5,4,0.0222222246229648,0.6000000238418579,0.5,26.363637924194336,2.533333539962769,0.4000000357627868,0.0,0.0666666701436042,0.2000000178813934,0.7333333492279053
1817,v9s2wmso,pe-cot_it-6_fit-hr_exp-feedback_t-sce_chr-1_1_fb-gen_s-5,1,cot,2,feedback,hr,6,0,generic,10000000,array,False,dungeon3,5,5,0.0222222246229648,0.6000000238418579,0.5,26.363637924194336,2.533333539962769,0.4000000357627868,0.0,0.0666666701436042,0.2000000178813934,0.7333333492279053
1818,v9s2wmso,pe-cot_it-6_fit-hr_exp-feedback_t-sce_chr-1_1_fb-gen_s-5,1,cot,2,feedback,hr,6,0,generic,10000000,array,False,dungeon3,5,6,0.0222222246229648,0.6000000238418579,0.5,26.363637924194336,2.533333539962769,0.4000000357627868,0.0,0.0666666701436042,0.2000000178813934,0.7333333492279053
1819,8m97o5q2,pe-cot_it-6_fit-hr_exp-feedback_t-sce_chr-1_1_fb-no_s-1,1,cot,2,feedback,hr,6,0,no,10000000,array,False,dungeon3,1,1,0.0,0.9666666984558104,0.3000000119209289,0.0,3.000000238418579,0.0,0.0,0.0,0.0,0.0
1820,8m97o5q2,pe-cot_it-6_fit-hr_exp-feedback_t-sce_chr-1_1_fb-no_s-1,1,cot,2,feedback,hr,6,0,no,10000000,array,False,dungeon3,1,2,0.0,1.0,0.4000000357627868,0.0,3.000000238418579,0.0,0.0,0.0,0.0,0.0
1821,8m97o5q2,pe-cot_it-6_fit-hr_exp-feedback_t-sce_chr-1_1_fb-no_s-1,1,cot,2,feedback,hr,6,0,no,10000000,array,False,dungeon3,1,3,0.0,0.9666666984558104,0.3333333432674408,0.0,3.000000238418579,0.0,0.0,0.0,0.0,0.0
1822,8m97o5q2,pe-cot_it-6_fit-hr_exp-feedback_t-sce_chr-1_1_fb-no_s-1,1,cot,2,feedback,hr,6,0,no,10000000,array,False,dungeon3,1,4,0.3333333432674408,1.0,1.0,26.000001907348633,0.1000000089406967,1.9000000953674316,0.1000000089406967,0.9000000357627869,1.0,1.0
1823,8m97o5q2,pe-cot_it-6_fit-hr_exp-feedback_t-sce_chr-1_1_fb-no_s-1,1,cot,2,feedback,hr,6,0,no,10000000,array,False,dungeon3,1,5,0.3222222626209259,1.0,1.0,26.000001907348633,0.1333333402872085,1.9000000953674316,0.1000000089406967,0.8666667342185974,1.0,1.0
1824,8m97o5q2,pe-cot_it-6_fit-hr_exp-feedback_t-sce_chr-1_1_fb-no_s-1,1,cot,2,feedback,hr,6,0,no,10000000,array,False,dungeon3,1,6,0.3777777552604675,1.0,1.0,26.000001907348633,0.1666666716337204,1.7000000476837158,0.3000000119209289,0.8333333730697632,1.0,1.0
1825,qau9o8r5,pe-cot_it-6_fit-hr_exp-feedback_t-sce_chr-1_1_fb-no_s-2,1,cot,2,feedback,hr,6,0,no,10000000,array,False,dungeon3,2,1,0.0,0.5333333611488342,0.1000000089406967,0.0,3.000000238418579,0.0,0.0,0.0,0.0,0.0
1826,qau9o8r5,pe-cot_it-6_fit-hr_exp-feedback_t-sce_chr-1_1_fb-no_s-2,1,cot,2,feedback,hr,6,0,no,10000000,array,False,dungeon3,2,2,0.0,0.6333333849906921,0.1333333402872085,0.0,3.000000238418579,0.0,0.0,0.0,0.0,0.0
1827,qau9o8r5,pe-cot_it-6_fit-hr_exp-feedback_t-sce_chr-1_1_fb-no_s-2,1,cot,2,feedback,hr,6,0,no,10000000,array,False,dungeon3,2,3,0.0,0.6333333849906921,0.1333333402872085,0.0,3.000000238418579,0.0,0.0,0.0,0.0,0.0
1828,qau9o8r5,pe-cot_it-6_fit-hr_exp-feedback_t-sce_chr-1_1_fb-no_s-2,1,cot,2,feedback,hr,6,0,no,10000000,array,False,dungeon3,2,4,0.0,0.6333333849906921,0.1666666716337204,0.0,3.000000238418579,0.0,0.0,0.0,0.0,0.0
1829,qau9o8r5,pe-cot_it-6_fit-hr_exp-feedback_t-sce_chr-1_1_fb-no_s-2,1,cot,2,feedback,hr,6,0,no,10000000,array,False,dungeon3,2,5,0.0,0.6000000238418579,0.1333333402872085,0.0,3.000000238418579,0.0,0.0,0.0,0.0,0.0
1830,qau9o8r5,pe-cot_it-6_fit-hr_exp-feedback_t-sce_chr-1_1_fb-no_s-2,1,cot,2,feedback,hr,6,0,no,10000000,array,False,dungeon3,2,6,0.0,0.6333333849906921,0.1333333402872085,0.0,3.000000238418579,0.0,0.0,0.0,0.0,0.0
1831,cjiz7hr1,pe-cot_it-6_fit-hr_exp-feedback_t-sce_chr-1_1_fb-no_s-3,1,cot,2,feedback,hr,6,0,no,10000000,array,False,dungeon3,3,1,0.0333333350718021,0.6333333849906921,0.6000000238418579,26.0,2.366666793823242,0.5333333611488342,0.0,0.1000000089406967,0.2666666805744171,0.9666666984558104
1832,cjiz7hr1,pe-cot_it-6_fit-hr_exp-feedback_t-sce_chr-1_1_fb-no_s-3,1,cot,2,feedback,hr,6,0,no,10000000,array,False,dungeon3,3,2,0.0333333350718021,0.6333333849906921,0.6000000238418579,26.0,2.366666793823242,0.5333333611488342,0.0,0.1000000089406967,0.2666666805744171,0.9666666984558104
1833,cjiz7hr1,pe-cot_it-6_fit-hr_exp-feedback_t-sce_chr-1_1_fb-no_s-3,1,cot,2,feedback,hr,6,0,no,10000000,array,False,dungeon3,3,3,0.0333333350718021,0.6333333849906921,0.6000000238418579,26.0,2.366666793823242,0.5333333611488342,0.0,0.1000000089406967,0.2666666805744171,0.9666666984558104
1834,cjiz7hr1,pe-cot_it-6_fit-hr_exp-feedback_t-sce_chr-1_1_fb-no_s-3,1,cot,2,feedback,hr,6,0,no,10000000,array,False,dungeon3,3,4,0.0333333350718021,0.6333333849906921,0.6000000238418579,26.0,2.366666793823242,0.5333333611488342,0.0,0.1000000089406967,0.2666666805744171,0.9666666984558104
1835,cjiz7hr1,pe-cot_it-6_fit-hr_exp-feedback_t-sce_chr-1_1_fb-no_s-3,1,cot,2,feedback,hr,6,0,no,10000000,array,False,dungeon3,3,5,0.0333333350718021,0.6333333849906921,0.6000000238418579,26.0,2.366666793823242,0.5333333611488342,0.0,0.1000000089406967,0.2666666805744171,0.9666666984558104
1836,cjiz7hr1,pe-cot_it-6_fit-hr_exp-feedback_t-sce_chr-1_1_fb-no_s-3,1,cot,2,feedback,hr,6,0,no,10000000,array,False,dungeon3,3,6,0.0333333350718021,0.6333333849906921,0.6000000238418579,26.0,2.366666793823242,0.5333333611488342,0.0,0.1000000089406967,0.2666666805744171,0.9666666984558104
1837,ig68kcom,pe-cot_it-6_fit-hr_exp-feedback_t-sce_chr-1_1_fb-no_s-4,1,cot,2,feedback,hr,6,0,no,10000000,array,False,dungeon3,4,1,0.5555555820465088,1.0,1.0,26.000001907348633,1.100000023841858,0.2333333492279052,1.033333420753479,0.6333333849906921,0.6333333849906921,1.0
1838,ig68kcom,pe-cot_it-6_fit-hr_exp-feedback_t-sce_chr-1_1_fb-no_s-4,1,cot,2,feedback,hr,6,0,no,10000000,array,False,dungeon3,4,2,0.3333333432674408,1.0,1.0,26.000001907348633,2.0,0.0,0.6666666865348816,0.3333333432674408,0.3333333432674408,1.0
1839,ig68kcom,pe-cot_it-6_fit-hr_exp-feedback_t-sce_chr-1_1_fb-no_s-4,1,cot,2,feedback,hr,6,0,no,10000000,array,False,dungeon3,4,3,0.4111111164093017,1.0,1.0,26.000001907348633,1.6000001430511477,0.1666666716337204,0.7666667103767395,0.4666666984558105,0.4666666984558105,1.0
1840,ig68kcom,pe-cot_it-6_fit-hr_exp-feedback_t-sce_chr-1_1_fb-no_s-4,1,cot,2,feedback,hr,6,0,no,10000000,array,False,dungeon3,4,4,0.2444444596767425,1.0,1.0,26.000001907348633,2.200000047683716,0.0666666701436042,0.4666666984558105,0.2666666805744171,0.2666666805744171,1.0
1841,ig68kcom,pe-cot_it-6_fit-hr_exp-feedback_t-sce_chr-1_1_fb-no_s-4,1,cot,2,feedback,hr,6,0,no,10000000,array,False,dungeon3,4,5,0.3000000119209289,1.0,1.0,26.000001907348633,1.9000000953674316,0.2000000178813934,0.5333333611488342,0.3666666746139526,0.3666666746139526,1.0
1842,ig68kcom,pe-cot_it-6_fit-hr_exp-feedback_t-sce_chr-1_1_fb-no_s-4,1,cot,2,feedback,hr,6,0,no,10000000,array,False,dungeon3,4,6,0.3111111521720886,1.0,1.0,26.000001907348633,2.0,0.0666666701436042,0.6000000238418579,0.3333333432674408,0.3333333432674408,1.0
1843,v44mg3al,pe-cot_it-6_fit-hr_exp-feedback_t-sce_chr-1_1_fb-no_s-5,1,cot,2,feedback,hr,6,0,no,10000000,array,False,dungeon3,5,1,0.0222222246229648,0.7000000476837158,0.5666667222976685,26.22222328186035,2.6000001430511475,0.3333333432674408,0.0,0.0666666701436042,0.1666666716337204,0.6000000238418579
1844,v44mg3al,pe-cot_it-6_fit-hr_exp-feedback_t-sce_chr-1_1_fb-no_s-5,1,cot,2,feedback,hr,6,0,no,10000000,array,False,dungeon3,5,2,0.0222222246229648,0.7000000476837158,0.5666667222976685,26.22222328186035,2.6000001430511475,0.3333333432674408,0.0,0.0666666701436042,0.1666666716337204,0.6000000238418579
1845,v44mg3al,pe-cot_it-6_fit-hr_exp-feedback_t-sce_chr-1_1_fb-no_s-5,1,cot,2,feedback,hr,6,0,no,10000000,array,False,dungeon3,5,3,0.0222222246229648,0.7000000476837158,0.5666667222976685,26.22222328186035,2.6000001430511475,0.3333333432674408,0.0,0.0666666701436042,0.1666666716337204,0.6000000238418579
1846,v44mg3al,pe-cot_it-6_fit-hr_exp-feedback_t-sce_chr-1_1_fb-no_s-5,1,cot,2,feedback,hr,6,0,no,10000000,array,False,dungeon3,5,4,0.0222222246229648,0.7000000476837158,0.5666667222976685,26.22222328186035,2.6000001430511475,0.3333333432674408,0.0,0.0666666701436042,0.1666666716337204,0.6000000238418579
1847,v44mg3al,pe-cot_it-6_fit-hr_exp-feedback_t-sce_chr-1_1_fb-no_s-5,1,cot,2,feedback,hr,6,0,no,10000000,array,False,dungeon3,5,5,0.0222222246229648,0.7000000476837158,0.5666667222976685,26.22222328186035,2.6000001430511475,0.3333333432674408,0.0,0.0666666701436042,0.1666666716337204,0.6000000238418579
1848,v44mg3al,pe-cot_it-6_fit-hr_exp-feedback_t-sce_chr-1_1_fb-no_s-5,1,cot,2,feedback,hr,6,0,no,10000000,array,False,dungeon3,5,6,0.0222222246229648,0.7000000476837158,0.5666667222976685,26.22222328186035,2.6000001430511475,0.3333333432674408,0.0,0.0666666701436042,0.1666666716337204,0.6000000238418579
1849,580p7tn2,pe-got_it-9_fit-hr_exp-feedback_t-sce_chr-1_1_s-1,1,got,2,feedback,hr,9,0,default,10000000,array,False,dungeon3,1,1,0.0999999940395355,0.8666667342185974,0.8666667342185974,26.0,1.8333333730697632,0.8666667342185974,0.0,0.3000000119209289,0.4333333671092987,0.9666666984558104
1850,580p7tn2,pe-got_it-9_fit-hr_exp-feedback_t-sce_chr-1_1_s-1,1,got,2,feedback,hr,9,0,default,10000000,array,False,dungeon3,1,2,0.0333333350718021,0.9666666984558104,0.4333333671092987,26.0,2.9000000953674316,0.0,0.0666666701436042,0.0333333350718021,0.0333333350718021,0.0333333350718021
1851,580p7tn2,pe-got_it-9_fit-hr_exp-feedback_t-sce_chr-1_1_s-1,1,got,2,feedback,hr,9,0,default,10000000,array,False,dungeon3,1,3,0.0,0.8666667342185974,0.1000000089406967,0.0,3.000000238418579,0.0,0.0,0.0,0.0,0.0
1852,580p7tn2,pe-got_it-9_fit-hr_exp-feedback_t-sce_chr-1_1_s-1,1,got,2,feedback,hr,9,0,default,10000000,array,False,dungeon3,1,4,0.0222222246229648,0.6000000238418579,0.2666666805744171,29.5,2.933333396911621,0.0,0.0666666701436042,0.0,0.0333333350718021,0.1333333402872085
1853,580p7tn2,pe-got_it-9_fit-hr_exp-feedback_t-sce_chr-1_1_s-1,1,got,2,feedback,hr,9,0,default,10000000,array,False,dungeon3,1,5,0.055555559694767,0.5666667222976685,0.2666666805744171,26.285715103149418,2.8333334922790527,0.0,0.1333333402872085,0.0333333350718021,0.0666666701436042,0.2333333492279052
1854,580p7tn2,pe-got_it-9_fit-hr_exp-feedback_t-sce_chr-1_1_s-1,1,got,2,feedback,hr,9,0,default,10000000,array,False,dungeon3,1,6,0.4333333969116211,0.7000000476837158,0.7000000476837158,26.000001907348633,1.7000000476837158,0.0,1.0,0.3000000119209289,0.5,1.0
1855,580p7tn2,pe-got_it-9_fit-hr_exp-feedback_t-sce_chr-1_1_s-1,1,got,2,feedback,hr,9,0,default,10000000,array,False,dungeon3,1,7,0.4555555880069732,0.6666666865348816,0.6666666865348816,26.000001907348633,1.633333444595337,0.0,1.0666667222976685,0.3000000119209289,0.5333333611488342,1.0
1856,580p7tn2,pe-got_it-9_fit-hr_exp-feedback_t-sce_chr-1_1_s-1,1,got,2,feedback,hr,9,0,default,10000000,array,False,dungeon3,1,8,0.5111111402511597,0.7000000476837158,0.7000000476837158,26.000001907348633,1.4666666984558103,0.0,1.133333444595337,0.4000000357627868,0.5666667222976685,1.0
1857,580p7tn2,pe-got_it-9_fit-hr_exp-feedback_t-sce_chr-1_1_s-1,1,got,2,feedback,hr,9,0,default,10000000,array,False,dungeon3,1,9,0.4777778387069702,1.0,1.0,26.06896591186523,0.6666666865348816,0.9000000357627869,0.7000000476837158,0.7333333492279053,0.8000000715255737,0.9666666984558104
1858,cocq54ef,pe-got_it-9_fit-hr_exp-feedback_t-sce_chr-1_1_s-2,1,got,2,feedback,hr,9,0,default,10000000,array,False,dungeon3,2,1,0.0,0.6666666865348816,0.2000000178813934,30.0,3.000000238418579,0.0,0.0,0.0,0.0,0.1000000089406967
1859,oz1grax2,pe-got_it-9_fit-hr_exp-feedback_t-sce_chr-1_1_s-3,1,got,2,feedback,hr,9,0,default,10000000,array,False,dungeon3,3,1,0.0777777805924415,0.8333333730697632,0.5333333611488342,28.0,2.1666667461395264,0.6000000238418579,0.0,0.2333333492279052,0.3000000119209289,0.4000000357627868
1860,oz1grax2,pe-got_it-9_fit-hr_exp-feedback_t-sce_chr-1_1_s-3,1,got,2,feedback,hr,9,0,default,10000000,array,False,dungeon3,3,2,0.0333333350718021,0.7000000476837158,0.3666666746139526,26.666667938232425,2.8333334922790527,0.0666666701436042,0.0666666701436042,0.0333333350718021,0.0666666701436042,0.2000000178813934
1861,oz1grax2,pe-got_it-9_fit-hr_exp-feedback_t-sce_chr-1_1_s-3,1,got,2,feedback,hr,9,0,default,10000000,array,False,dungeon3,3,3,0.0,0.7666667103767395,0.1333333402872085,0.0,3.000000238418579,0.0,0.0,0.0,0.0,0.0
1862,oz1grax2,pe-got_it-9_fit-hr_exp-feedback_t-sce_chr-1_1_s-3,1,got,2,feedback,hr,9,0,default,10000000,array,False,dungeon3,3,4,0.0111111123114824,0.7333333492279053,0.1666666716337204,30.0,2.866666793823242,0.1000000089406967,0.0333333350718021,0.0,0.0666666701436042,0.1000000089406967
1863,oz1grax2,pe-got_it-9_fit-hr_exp-feedback_t-sce_chr-1_1_s-3,1,got,2,feedback,hr,9,0,default,10000000,array,False,dungeon3,3,5,0.0333333350718021,0.7333333492279053,0.3000000119209289,29.5,2.766666889190674,0.1333333402872085,0.0666666701436042,0.0333333350718021,0.1000000089406967,0.1333333402872085
1864,oz1grax2,pe-got_it-9_fit-hr_exp-feedback_t-sce_chr-1_1_s-3,1,got,2,feedback,hr,9,0,default,10000000,array,False,dungeon3,3,6,0.0111111123114824,0.6333333849906921,0.1666666716337204,26.0,2.933333396911621,0.0333333350718021,0.0333333350718021,0.0,0.0333333350718021,0.0333333350718021
1865,oz1grax2,pe-got_it-9_fit-hr_exp-feedback_t-sce_chr-1_1_s-3,1,got,2,feedback,hr,9,0,default,10000000,array,False,dungeon3,3,7,0.3000000119209289,1.0,0.9666666984558104,26.071430206298828,0.2333333492279052,1.8666667938232424,0.0,0.9000000357627869,0.9333333969116212,0.9333333969116212
1866,oz1grax2,pe-got_it-9_fit-hr_exp-feedback_t-sce_chr-1_1_s-3,1,got,2,feedback,hr,9,0,default,10000000,array,False,dungeon3,3,8,0.2555555999279022,0.9333333969116212,0.9000000357627869,26.071430206298828,0.3666666746139526,1.8666667938232424,0.0,0.7666667103767395,0.8666667342185974,0.9333333969116212
1867,oz1grax2,pe-got_it-9_fit-hr_exp-feedback_t-sce_chr-1_1_s-3,1,got,2,feedback,hr,9,0,default,10000000,array,False,dungeon3,3,9,0.2222222536802292,0.7333333492279053,0.7333333492279053,26.0,0.4000000357627868,1.933333396911621,0.0,0.6666666865348816,0.9666666984558104,0.9666666984558104
1868,ol5nv735,pe-got_it-9_fit-hr_exp-feedback_t-sce_chr-1_1_s-5,1,got,2,feedback,hr,9,0,default,10000000,array,False,dungeon3,5,1,0.4000000357627868,1.0,1.0,26.000001907348633,1.8000000715255735,0.0,0.8000000715255737,0.4000000357627868,0.4000000357627868,1.0
1869,ol5nv735,pe-got_it-9_fit-hr_exp-feedback_t-sce_chr-1_1_s-5,1,got,2,feedback,hr,9,0,default,10000000,array,False,dungeon3,5,2,1.0,1.0,1.0,26.000001907348633,0.0,0.0,2.0,1.0,1.0,1.0
1870,ol5nv735,pe-got_it-9_fit-hr_exp-feedback_t-sce_chr-1_1_s-5,1,got,2,feedback,hr,9,0,default,10000000,array,False,dungeon3,5,3,0.9333333969116212,1.0,1.0,26.35714340209961,0.2000000178813934,0.0,1.8666667938232424,0.9333333969116212,0.9000000357627869,0.9333333969116212
1871,ol5nv735,pe-got_it-9_fit-hr_exp-feedback_t-sce_chr-1_1_s-5,1,got,2,feedback,hr,9,0,default,10000000,array,False,dungeon3,5,4,0.9333333969116212,1.0,1.0,26.35714340209961,0.2000000178813934,0.0,1.8666667938232424,0.9333333969116212,0.9000000357627869,0.9333333969116212
1872,ol5nv735,pe-got_it-9_fit-hr_exp-feedback_t-sce_chr-1_1_s-5,1,got,2,feedback,hr,9,0,default,10000000,array,False,dungeon3,5,5,0.8222222328186035,1.0,1.0,26.275861740112305,0.1000000089406967,0.4333333671092987,1.5000001192092896,0.9666666984558104,0.9000000357627869,0.9666666984558104
1873,ol5nv735,pe-got_it-9_fit-hr_exp-feedback_t-sce_chr-1_1_s-5,1,got,2,feedback,hr,9,0,default,10000000,array,False,dungeon3,5,6,0.3444444239139557,1.0,1.0,26.13793182373047,0.1000000089406967,1.8666667938232424,0.0666666701436042,0.9666666984558104,0.8333333730697632,0.9666666984558104
1874,cy5omrcv,pe-tot_it-9_fit-hr_exp-feedback_t-sce_chr-1_1_s-1,1,tot,2,feedback,hr,9,0,default,10000000,array,False,dungeon3,1,1,0.0333333350718021,0.8333333730697632,0.3333333432674408,28.0,2.9000000953674316,0.0,0.0666666701436042,0.0333333350718021,0.0333333350718021,0.0333333350718021
1875,cy5omrcv,pe-tot_it-9_fit-hr_exp-feedback_t-sce_chr-1_1_s-1,1,tot,2,feedback,hr,9,0,default,10000000,array,False,dungeon3,1,2,0.0,0.4666666984558105,0.1000000089406967,0.0,3.000000238418579,0.0,0.0,0.0,0.0,0.0
1876,cy5omrcv,pe-tot_it-9_fit-hr_exp-feedback_t-sce_chr-1_1_s-1,1,tot,2,feedback,hr,9,0,default,10000000,array,False,dungeon3,1,3,0.0,0.5666667222976685,0.1000000089406967,0.0,3.000000238418579,0.0,0.0,0.0,0.0,0.0
1877,cy5omrcv,pe-tot_it-9_fit-hr_exp-feedback_t-sce_chr-1_1_s-1,1,tot,2,feedback,hr,9,0,default,10000000,array,False,dungeon3,1,4,0.3222222030162811,0.6000000238418579,0.6000000238418579,26.000001907348633,2.033333539962769,0.0,0.8666667342185974,0.1000000089406967,0.4333333671092987,1.0
1878,cy5omrcv,pe-tot_it-9_fit-hr_exp-feedback_t-sce_chr-1_1_s-1,1,tot,2,feedback,hr,9,0,default,10000000,array,False,dungeon3,1,5,0.1888888925313949,0.4666666984558105,0.4666666984558105,26.000001907348633,2.433333396911621,0.0,0.5333333611488342,0.0333333350718021,0.2666666805744171,1.0
1879,cy5omrcv,pe-tot_it-9_fit-hr_exp-feedback_t-sce_chr-1_1_s-1,1,tot,2,feedback,hr,9,0,default,10000000,array,False,dungeon3,1,6,0.199999988079071,0.5,0.5,26.000001907348633,2.366666793823242,0.0333333350718021,0.5666667222976685,0.0333333350718021,0.3000000119209289,1.0
1880,cy5omrcv,pe-tot_it-9_fit-hr_exp-feedback_t-sce_chr-1_1_s-1,1,tot,2,feedback,hr,9,0,default,10000000,array,False,dungeon3,1,7,0.2222222089767456,0.3333333432674408,0.3333333432674408,26.000001907348633,1.9666668176651,0.3666666746139526,0.5666667222976685,0.1000000089406967,0.4666666984558105,1.0
1881,cy5omrcv,pe-tot_it-9_fit-hr_exp-feedback_t-sce_chr-1_1_s-1,1,tot,2,feedback,hr,9,0,default,10000000,array,False,dungeon3,1,8,0.4000000655651092,0.7666667103767395,0.7666667103767395,26.000001907348633,0.8666667342185974,0.9333333969116212,0.6666666865348816,0.5333333611488342,0.8000000715255737,1.0
1882,cy5omrcv,pe-tot_it-9_fit-hr_exp-feedback_t-sce_chr-1_1_s-1,1,tot,2,feedback,hr,9,0,default,10000000,array,False,dungeon3,1,9,0.0777777880430221,0.3333333432674408,0.3333333432674408,26.000001907348633,2.766666889190674,0.0,0.2000000178813934,0.0333333350718021,0.1000000089406967,1.0
1883,bdmhsol6,pe-tot_it-9_fit-hr_exp-feedback_t-sce_chr-1_1_s-2,1,tot,2,feedback,hr,9,0,default,10000000,array,False,dungeon3,2,1,0.2222222536802292,1.0,1.0,26.000001907348633,1.0,1.3333333730697632,0.0,0.6666666865348816,0.6666666865348816,1.0
1884,bdmhsol6,pe-tot_it-9_fit-hr_exp-feedback_t-sce_chr-1_1_s-2,1,tot,2,feedback,hr,9,0,default,10000000,array,False,dungeon3,2,2,0.0777777805924415,0.9333333969116212,0.7000000476837158,26.875,2.1666667461395264,0.6000000238418579,0.0,0.2333333492279052,0.3000000119209289,0.5333333611488342
1885,bdmhsol6,pe-tot_it-9_fit-hr_exp-feedback_t-sce_chr-1_1_s-2,1,tot,2,feedback,hr,9,0,default,10000000,array,False,dungeon3,2,3,0.0777777805924415,0.9333333969116212,0.7000000476837158,26.875,2.1666667461395264,0.6000000238418579,0.0,0.2333333492279052,0.3000000119209289,0.5333333611488342
1886,bdmhsol6,pe-tot_it-9_fit-hr_exp-feedback_t-sce_chr-1_1_s-2,1,tot,2,feedback,hr,9,0,default,10000000,array,False,dungeon3,2,4,0.1666666716337204,0.8666667342185974,0.8333333730697632,26.20689582824707,1.100000023841858,1.4000000953674316,0.0,0.5,0.7000000476837158,0.9666666984558104
1887,bdmhsol6,pe-tot_it-9_fit-hr_exp-feedback_t-sce_chr-1_1_s-2,1,tot,2,feedback,hr,9,0,default,10000000,array,False,dungeon3,2,5,0.0777777805924415,0.7666667103767395,0.6000000238418579,26.125,2.033333539962769,0.7333333492279053,0.0,0.2333333492279052,0.3666666746139526,0.5333333611488342
1888,bdmhsol6,pe-tot_it-9_fit-hr_exp-feedback_t-sce_chr-1_1_s-2,1,tot,2,feedback,hr,9,0,default,10000000,array,False,dungeon3,2,6,0.0777777805924415,0.7666667103767395,0.6000000238418579,26.125,2.033333539962769,0.7333333492279053,0.0,0.2333333492279052,0.3666666746139526,0.5333333611488342
1889,bdmhsol6,pe-tot_it-9_fit-hr_exp-feedback_t-sce_chr-1_1_s-2,1,tot,2,feedback,hr,9,0,default,10000000,array,False,dungeon3,2,7,0.0333333350718021,0.5666667222976685,0.5333333611488342,26.34782600402832,2.033333539962769,0.8666667342185974,0.0,0.1000000089406967,0.4333333671092987,0.7666667103767395
1890,bdmhsol6,pe-tot_it-9_fit-hr_exp-feedback_t-sce_chr-1_1_s-2,1,tot,2,feedback,hr,9,0,default,10000000,array,False,dungeon3,2,8,0.0333333350718021,0.5666667222976685,0.5333333611488342,26.34782600402832,2.033333539962769,0.8666667342185974,0.0,0.1000000089406967,0.4333333671092987,0.7666667103767395
1891,bdmhsol6,pe-tot_it-9_fit-hr_exp-feedback_t-sce_chr-1_1_s-2,1,tot,2,feedback,hr,9,0,default,10000000,array,False,dungeon3,2,9,0.1666666716337204,0.8666667342185974,0.8333333730697632,26.20689582824707,1.100000023841858,1.4000000953674316,0.0,0.5,0.7000000476837158,0.9666666984558104
1892,imle78mg,pe-tot_it-9_fit-hr_exp-feedback_t-sce_chr-1_1_s-3,1,tot,2,feedback,hr,9,0,default,10000000,array,False,dungeon3,3,1,0.3222222626209259,1.0,1.0,26.0,1.8000000715255735,0.2333333492279052,0.5666667222976685,0.4000000357627868,0.4000000357627868,0.9666666984558104
1893,imle78mg,pe-tot_it-9_fit-hr_exp-feedback_t-sce_chr-1_1_s-3,1,tot,2,feedback,hr,9,0,default,10000000,array,False,dungeon3,3,2,0.0,1.0,0.2666666805744171,0.0,3.000000238418579,0.0,0.0,0.0,0.0,0.0
1894,imle78mg,pe-tot_it-9_fit-hr_exp-feedback_t-sce_chr-1_1_s-3,1,tot,2,feedback,hr,9,0,default,10000000,array,False,dungeon3,3,3,0.0,1.0,0.3000000119209289,0.0,3.000000238418579,0.0,0.0,0.0,0.0,0.0
1895,0ponp3sv,pe-tot_it-9_fit-hr_exp-feedback_t-sce_chr-1_1_s-4,1,tot,2,feedback,hr,9,0,default,10000000,array,False,dungeon3,4,1,0.1333333402872085,0.8666667342185974,0.6000000238418579,26.44444465637207,2.6000001430511475,0.0,0.2666666805744171,0.1333333402872085,0.1333333402872085,0.3000000119209289
1896,0ponp3sv,pe-tot_it-9_fit-hr_exp-feedback_t-sce_chr-1_1_s-4,1,tot,2,feedback,hr,9,0,default,10000000,array,False,dungeon3,4,2,0.0,0.0,0.0,0.0,3.000000238418579,0.0,0.0,0.0,0.0,0.0
1897,0ponp3sv,pe-tot_it-9_fit-hr_exp-feedback_t-sce_chr-1_1_s-4,1,tot,2,feedback,hr,9,0,default,10000000,array,False,dungeon3,4,3,0.055555559694767,0.2666666805744171,0.0333333350718021,30.0,2.8333334922790527,0.0,0.1333333402872085,0.0333333350718021,0.0666666701436042,0.1000000089406967
1898,azcgug0p,pe-tot_it-9_fit-hr_exp-feedback_t-sce_chr-1_1_s-5,1,tot,2,feedback,hr,9,0,default,10000000,array,False,dungeon3,5,1,0.6333333849906921,1.0,1.0,26.000001907348633,1.100000023841858,0.0,1.2666667699813845,0.6333333849906921,0.6333333849906921,1.0
1899,azcgug0p,pe-tot_it-9_fit-hr_exp-feedback_t-sce_chr-1_1_s-5,1,tot,2,feedback,hr,9,0,default,10000000,array,False,dungeon3,5,2,0.0777777805924415,0.8666667342185974,0.4000000357627868,27.5,2.633333444595337,0.1333333402872085,0.1333333402872085,0.1000000089406967,0.1000000089406967,0.1333333402872085
1900,azcgug0p,pe-tot_it-9_fit-hr_exp-feedback_t-sce_chr-1_1_s-5,1,tot,2,feedback,hr,9,0,default,10000000,array,False,dungeon3,5,3,0.0111111123114824,0.8000000715255737,0.3666666746139526,28.0,2.866666793823242,0.1000000089406967,0.0333333350718021,0.0,0.0666666701436042,0.0666666701436042
1901,azcgug0p,pe-tot_it-9_fit-hr_exp-feedback_t-sce_chr-1_1_s-5,1,tot,2,feedback,hr,9,0,default,10000000,array,False,dungeon3,5,4,0.0,0.8000000715255737,0.1333333402872085,0.0,3.000000238418579,0.0,0.0,0.0,0.0,0.0
1902,azcgug0p,pe-tot_it-9_fit-hr_exp-feedback_t-sce_chr-1_1_s-5,1,tot,2,feedback,hr,9,0,default,10000000,array,False,dungeon3,5,5,0.0,0.8666667342185974,0.1000000089406967,0.0,3.000000238418579,0.0,0.0,0.0,0.0,0.0
1903,azcgug0p,pe-tot_it-9_fit-hr_exp-feedback_t-sce_chr-1_1_s-5,1,tot,2,feedback,hr,9,0,default,10000000,array,False,dungeon3,5,6,0.2444444745779037,0.6666666865348816,0.5,27.200000762939453,1.7333334684371948,0.5333333611488342,0.4666666984558105,0.2666666805744171,0.3666666746139526,0.5
1904,azcgug0p,pe-tot_it-9_fit-hr_exp-feedback_t-sce_chr-1_1_s-5,1,tot,2,feedback,hr,9,0,default,10000000,array,False,dungeon3,5,7,0.0444444492459297,0.5,0.2000000178813934,27.5,2.700000047683716,0.1666666716337204,0.1000000089406967,0.0333333350718021,0.1000000089406967,0.1333333402872085
1905,azcgug0p,pe-tot_it-9_fit-hr_exp-feedback_t-sce_chr-1_1_s-5,1,tot,2,feedback,hr,9,0,default,10000000,array,False,dungeon3,5,8,0.3222222626209259,0.5333333611488342,0.5,26.666667938232425,1.3333333730697632,0.7000000476837158,0.7000000476837158,0.2666666805744171,0.6000000238418579,0.7000000476837158
1906,n1n5q1ik,pe-got_it-9_fit-hr_exp-feedback_t-sce_chr-1_1_fb-gen_s-1,1,got,2,feedback,hr,9,0,generic,10000000,array,False,dungeon3,1,1,0.3222222030162811,1.0,1.0,26.0,0.1000000089406967,1.933333396911621,0.0,0.9666666984558104,0.9333333969116212,0.9666666984558104
1907,n1n5q1ik,pe-got_it-9_fit-hr_exp-feedback_t-sce_chr-1_1_fb-gen_s-1,1,got,2,feedback,hr,9,0,generic,10000000,array,False,dungeon3,1,2,0.3222222030162811,1.0,1.0,26.0,0.1000000089406967,1.933333396911621,0.0,0.9666666984558104,0.9333333969116212,0.9666666984558104
1908,n1n5q1ik,pe-got_it-9_fit-hr_exp-feedback_t-sce_chr-1_1_fb-gen_s-1,1,got,2,feedback,hr,9,0,generic,10000000,array,False,dungeon3,1,3,0.3222222030162811,1.0,1.0,26.0,0.1000000089406967,1.933333396911621,0.0,0.9666666984558104,0.9333333969116212,0.9666666984558104
1909,n1n5q1ik,pe-got_it-9_fit-hr_exp-feedback_t-sce_chr-1_1_fb-gen_s-1,1,got,2,feedback,hr,9,0,generic,10000000,array,False,dungeon3,1,4,0.3222222030162811,1.0,1.0,26.0,0.1000000089406967,1.933333396911621,0.0,0.9666666984558104,0.9333333969116212,0.9666666984558104
1910,n1n5q1ik,pe-got_it-9_fit-hr_exp-feedback_t-sce_chr-1_1_fb-gen_s-1,1,got,2,feedback,hr,9,0,generic,10000000,array,False,dungeon3,1,5,0.3222222030162811,1.0,1.0,26.0,0.1000000089406967,1.933333396911621,0.0,0.9666666984558104,0.9333333969116212,0.9666666984558104
1911,n1n5q1ik,pe-got_it-9_fit-hr_exp-feedback_t-sce_chr-1_1_fb-gen_s-1,1,got,2,feedback,hr,9,0,generic,10000000,array,False,dungeon3,1,6,0.3222222030162811,1.0,1.0,26.0,0.1000000089406967,1.933333396911621,0.0,0.9666666984558104,0.9333333969116212,0.9666666984558104
1912,n1n5q1ik,pe-got_it-9_fit-hr_exp-feedback_t-sce_chr-1_1_fb-gen_s-1,1,got,2,feedback,hr,9,0,generic,10000000,array,False,dungeon3,1,7,0.3222222030162811,1.0,1.0,26.0,0.1000000089406967,1.933333396911621,0.0,0.9666666984558104,0.9333333969116212,0.9666666984558104
1913,n1n5q1ik,pe-got_it-9_fit-hr_exp-feedback_t-sce_chr-1_1_fb-gen_s-1,1,got,2,feedback,hr,9,0,generic,10000000,array,False,dungeon3,1,8,0.3222222030162811,1.0,1.0,26.0,0.1000000089406967,1.933333396911621,0.0,0.9666666984558104,0.9333333969116212,0.9666666984558104
1914,n1n5q1ik,pe-got_it-9_fit-hr_exp-feedback_t-sce_chr-1_1_fb-gen_s-1,1,got,2,feedback,hr,9,0,generic,10000000,array,False,dungeon3,1,9,0.3222222030162811,1.0,1.0,26.0,0.1000000089406967,1.933333396911621,0.0,0.9666666984558104,0.9333333969116212,0.9666666984558104
1915,w8158szo,pe-got_it-9_fit-hr_exp-feedback_t-sce_chr-1_1_fb-gen_s-2,1,got,2,feedback,hr,9,0,generic,10000000,array,False,dungeon3,2,1,1.0,1.0,1.0,26.000001907348633,0.0,0.0,2.0,1.0,1.0,1.0
1916,w8158szo,pe-got_it-9_fit-hr_exp-feedback_t-sce_chr-1_1_fb-gen_s-2,1,got,2,feedback,hr,9,0,generic,10000000,array,False,dungeon3,2,2,1.0,1.0,1.0,26.000001907348633,0.0,0.0,2.0,1.0,1.0,1.0
1917,w8158szo,pe-got_it-9_fit-hr_exp-feedback_t-sce_chr-1_1_fb-gen_s-2,1,got,2,feedback,hr,9,0,generic,10000000,array,False,dungeon3,2,3,1.0,1.0,1.0,26.000001907348633,0.0,0.0,2.0,1.0,1.0,1.0
1918,w8158szo,pe-got_it-9_fit-hr_exp-feedback_t-sce_chr-1_1_fb-gen_s-2,1,got,2,feedback,hr,9,0,generic,10000000,array,False,dungeon3,2,4,1.0,1.0,1.0,26.000001907348633,0.0,0.0,2.0,1.0,1.0,1.0
1919,w8158szo,pe-got_it-9_fit-hr_exp-feedback_t-sce_chr-1_1_fb-gen_s-2,1,got,2,feedback,hr,9,0,generic,10000000,array,False,dungeon3,2,5,1.0,1.0,1.0,26.000001907348633,0.0,0.0,2.0,1.0,1.0,1.0
1920,w8158szo,pe-got_it-9_fit-hr_exp-feedback_t-sce_chr-1_1_fb-gen_s-2,1,got,2,feedback,hr,9,0,generic,10000000,array,False,dungeon3,2,6,1.0,1.0,1.0,26.000001907348633,0.0,0.0,2.0,1.0,1.0,1.0
1921,w8158szo,pe-got_it-9_fit-hr_exp-feedback_t-sce_chr-1_1_fb-gen_s-2,1,got,2,feedback,hr,9,0,generic,10000000,array,False,dungeon3,2,7,1.0,1.0,1.0,26.000001907348633,0.0,0.0,2.0,1.0,1.0,1.0
1922,w8158szo,pe-got_it-9_fit-hr_exp-feedback_t-sce_chr-1_1_fb-gen_s-2,1,got,2,feedback,hr,9,0,generic,10000000,array,False,dungeon3,2,8,1.0,1.0,1.0,26.000001907348633,0.0,0.0,2.0,1.0,1.0,1.0
1923,w8158szo,pe-got_it-9_fit-hr_exp-feedback_t-sce_chr-1_1_fb-gen_s-2,1,got,2,feedback,hr,9,0,generic,10000000,array,False,dungeon3,2,9,1.0,1.0,1.0,26.000001907348633,0.0,0.0,2.0,1.0,1.0,1.0
1924,6psec576,pe-got_it-9_fit-hr_exp-feedback_t-sce_chr-1_1_fb-gen_s-3,1,got,2,feedback,hr,9,0,generic,10000000,array,False,dungeon3,3,1,0.1555555611848831,1.0,1.0,26.13333511352539,1.6000001430511477,0.9333333969116212,0.0,0.4666666984558105,0.4666666984558105,1.0
1925,6psec576,pe-got_it-9_fit-hr_exp-feedback_t-sce_chr-1_1_fb-gen_s-3,1,got,2,feedback,hr,9,0,generic,10000000,array,False,dungeon3,3,2,0.3333333134651184,1.0,1.0,26.000001907348633,0.0,2.0,0.0,1.0,1.0,1.0
1926,6psec576,pe-got_it-9_fit-hr_exp-feedback_t-sce_chr-1_1_fb-gen_s-3,1,got,2,feedback,hr,9,0,generic,10000000,array,False,dungeon3,3,3,0.3333333134651184,1.0,1.0,26.000001907348633,0.0,2.0,0.0,1.0,1.0,1.0
1927,6psec576,pe-got_it-9_fit-hr_exp-feedback_t-sce_chr-1_1_fb-gen_s-3,1,got,2,feedback,hr,9,0,generic,10000000,array,False,dungeon3,3,4,0.3333333134651184,1.0,1.0,26.000001907348633,0.0,2.0,0.0,1.0,1.0,1.0
1928,6psec576,pe-got_it-9_fit-hr_exp-feedback_t-sce_chr-1_1_fb-gen_s-3,1,got,2,feedback,hr,9,0,generic,10000000,array,False,dungeon3,3,5,0.3333333134651184,1.0,1.0,26.000001907348633,0.0,2.0,0.0,1.0,1.0,1.0
1929,6psec576,pe-got_it-9_fit-hr_exp-feedback_t-sce_chr-1_1_fb-gen_s-3,1,got,2,feedback,hr,9,0,generic,10000000,array,False,dungeon3,3,6,0.3333333134651184,1.0,1.0,26.000001907348633,0.0,2.0,0.0,1.0,1.0,1.0
1930,6psec576,pe-got_it-9_fit-hr_exp-feedback_t-sce_chr-1_1_fb-gen_s-3,1,got,2,feedback,hr,9,0,generic,10000000,array,False,dungeon3,3,7,0.3333333134651184,1.0,1.0,26.000001907348633,0.0,2.0,0.0,1.0,1.0,1.0
1931,6psec576,pe-got_it-9_fit-hr_exp-feedback_t-sce_chr-1_1_fb-gen_s-3,1,got,2,feedback,hr,9,0,generic,10000000,array,False,dungeon3,3,8,0.3444444239139557,1.0,1.0,26.000001907348633,0.0,1.9666668176651,0.0333333350718021,1.0,1.0,1.0
1932,6psec576,pe-got_it-9_fit-hr_exp-feedback_t-sce_chr-1_1_fb-gen_s-3,1,got,2,feedback,hr,9,0,generic,10000000,array,False,dungeon3,3,9,0.3333333134651184,1.0,1.0,26.000001907348633,0.0,2.0,0.0,1.0,1.0,1.0
1933,bnbe9am7,pe-got_it-9_fit-hr_exp-feedback_t-sce_chr-1_1_fb-gen_s-4,1,got,2,feedback,hr,9,0,generic,10000000,array,False,dungeon3,4,1,0.1666666716337204,0.9000000357627869,0.7666667103767395,27.08333396911621,1.3000000715255735,1.2000000476837158,0.0,0.5,0.5666667222976685,0.8000000715255737
1934,bnbe9am7,pe-got_it-9_fit-hr_exp-feedback_t-sce_chr-1_1_fb-gen_s-4,1,got,2,feedback,hr,9,0,generic,10000000,array,False,dungeon3,4,2,0.1666666716337204,0.9000000357627869,0.7666667103767395,27.08333396911621,1.3000000715255735,1.2000000476837158,0.0,0.5,0.5666667222976685,0.8000000715255737
1935,bnbe9am7,pe-got_it-9_fit-hr_exp-feedback_t-sce_chr-1_1_fb-gen_s-4,1,got,2,feedback,hr,9,0,generic,10000000,array,False,dungeon3,4,3,0.1888889074325561,0.9333333969116212,0.9000000357627869,26.142858505249023,0.9666666984558104,1.4666666984558103,0.0,0.5666667222976685,0.7333333492279053,0.9333333969116212
1936,bnbe9am7,pe-got_it-9_fit-hr_exp-feedback_t-sce_chr-1_1_fb-gen_s-4,1,got,2,feedback,hr,9,0,generic,10000000,array,False,dungeon3,4,4,0.1888889074325561,0.9333333969116212,0.9000000357627869,26.142858505249023,0.9666666984558104,1.4666666984558103,0.0,0.5666667222976685,0.7333333492279053,0.9333333969116212
1937,bnbe9am7,pe-got_it-9_fit-hr_exp-feedback_t-sce_chr-1_1_fb-gen_s-4,1,got,2,feedback,hr,9,0,generic,10000000,array,False,dungeon3,4,5,0.1888889074325561,0.9333333969116212,0.9000000357627869,26.142858505249023,0.9666666984558104,1.4666666984558103,0.0,0.5666667222976685,0.7333333492279053,0.9333333969116212
1938,bnbe9am7,pe-got_it-9_fit-hr_exp-feedback_t-sce_chr-1_1_fb-gen_s-4,1,got,2,feedback,hr,9,0,generic,10000000,array,False,dungeon3,4,6,0.1888889074325561,0.9333333969116212,0.9000000357627869,26.142858505249023,0.9666666984558104,1.4666666984558103,0.0,0.5666667222976685,0.7333333492279053,0.9333333969116212
1939,bnbe9am7,pe-got_it-9_fit-hr_exp-feedback_t-sce_chr-1_1_fb-gen_s-4,1,got,2,feedback,hr,9,0,generic,10000000,array,False,dungeon3,4,7,0.1888889074325561,0.9333333969116212,0.9000000357627869,26.142858505249023,0.9666666984558104,1.4666666984558103,0.0,0.5666667222976685,0.7333333492279053,0.9333333969116212
1940,bnbe9am7,pe-got_it-9_fit-hr_exp-feedback_t-sce_chr-1_1_fb-gen_s-4,1,got,2,feedback,hr,9,0,generic,10000000,array,False,dungeon3,4,8,0.1888889074325561,0.9333333969116212,0.9000000357627869,26.142858505249023,0.9666666984558104,1.4666666984558103,0.0,0.5666667222976685,0.7333333492279053,0.9333333969116212
1941,bnbe9am7,pe-got_it-9_fit-hr_exp-feedback_t-sce_chr-1_1_fb-gen_s-4,1,got,2,feedback,hr,9,0,generic,10000000,array,False,dungeon3,4,9,0.1888889074325561,0.9333333969116212,0.9000000357627869,26.142858505249023,0.9666666984558104,1.4666666984558103,0.0,0.5666667222976685,0.7333333492279053,0.9333333969116212
1942,hjnf6in4,pe-got_it-9_fit-hr_exp-feedback_t-sce_chr-1_1_fb-gen_s-5,1,got,2,feedback,hr,9,0,generic,10000000,array,False,dungeon3,5,1,0.1444444507360458,1.0,0.8666667342185974,26.307693481445312,2.4000000953674316,0.1666666716337204,0.2333333492279052,0.2000000178813934,0.2000000178813934,0.4333333671092987
1943,hjnf6in4,pe-got_it-9_fit-hr_exp-feedback_t-sce_chr-1_1_fb-gen_s-5,1,got,2,feedback,hr,9,0,generic,10000000,array,False,dungeon3,5,2,0.0333333350718021,0.9666666984558104,0.3666666746139526,26.0,2.9000000953674316,0.0,0.0666666701436042,0.0333333350718021,0.0333333350718021,0.0666666701436042
1944,c3ofn559,pe-tot_it-9_fit-hr_exp-feedback_t-sce_chr-1_1_fb-gen_s-1,1,tot,2,feedback,hr,9,0,generic,10000000,array,False,dungeon3,1,1,0.1555555611848831,0.8000000715255737,0.7666667103767395,26.296297073364254,1.2666667699813845,1.2666667699813845,0.0,0.4666666984558105,0.6000000238418579,0.9000000357627869
1945,c3ofn559,pe-tot_it-9_fit-hr_exp-feedback_t-sce_chr-1_1_fb-gen_s-1,1,tot,2,feedback,hr,9,0,generic,10000000,array,False,dungeon3,1,2,0.055555559694767,0.7666667103767395,0.7000000476837158,26.296297073364254,2.1666667461395264,0.6666666865348816,0.0,0.1666666716337204,0.3333333432674408,0.9000000357627869
1946,c3ofn559,pe-tot_it-9_fit-hr_exp-feedback_t-sce_chr-1_1_fb-gen_s-1,1,tot,2,feedback,hr,9,0,generic,10000000,array,False,dungeon3,1,3,0.0777777805924415,0.9000000357627869,0.8000000715255737,26.153846740722656,1.9000000953674316,0.8666667342185974,0.0,0.2333333492279052,0.4333333671092987,0.8666667342185974
1947,c3ofn559,pe-tot_it-9_fit-hr_exp-feedback_t-sce_chr-1_1_fb-gen_s-1,1,tot,2,feedback,hr,9,0,generic,10000000,array,False,dungeon3,1,4,0.12222221493721,0.8333333730697632,0.8000000715255737,26.13793182373047,1.5666667222976685,1.0666667222976685,0.0,0.3666666746139526,0.5333333611488342,0.9666666984558104
1948,c3ofn559,pe-tot_it-9_fit-hr_exp-feedback_t-sce_chr-1_1_fb-gen_s-1,1,tot,2,feedback,hr,9,0,generic,10000000,array,False,dungeon3,1,5,0.0777777805924415,0.8666667342185974,0.7666667103767395,26.210527420043945,2.1000001430511475,0.6666666865348816,0.0,0.2333333492279052,0.3000000119209289,0.6333333849906921
1949,c3ofn559,pe-tot_it-9_fit-hr_exp-feedback_t-sce_chr-1_1_fb-gen_s-1,1,tot,2,feedback,hr,9,0,generic,10000000,array,False,dungeon3,1,6,0.0444444492459297,0.8333333730697632,0.7000000476837158,26.125,2.3333334922790527,0.5333333611488342,0.0,0.1333333402872085,0.2666666805744171,0.5333333611488342
1950,c3ofn559,pe-tot_it-9_fit-hr_exp-feedback_t-sce_chr-1_1_fb-gen_s-1,1,tot,2,feedback,hr,9,0,generic,10000000,array,False,dungeon3,1,7,0.0777777805924415,0.8666667342185974,0.7000000476837158,26.625,2.1666667461395264,0.6000000238418579,0.0,0.2333333492279052,0.3000000119209289,0.5333333611488342
1951,c3ofn559,pe-tot_it-9_fit-hr_exp-feedback_t-sce_chr-1_1_fb-gen_s-1,1,tot,2,feedback,hr,9,0,generic,10000000,array,False,dungeon3,1,8,0.1444444358348846,0.9333333969116212,0.8666667342185974,26.0,1.433333396911621,1.133333444595337,0.0,0.4333333671092987,0.5666667222976685,0.9666666984558104
1952,c3ofn559,pe-tot_it-9_fit-hr_exp-feedback_t-sce_chr-1_1_fb-gen_s-1,1,tot,2,feedback,hr,9,0,generic,10000000,array,False,dungeon3,1,9,0.1111111044883728,0.9333333969116212,0.8333333730697632,26.399999618530273,1.8000000715255735,0.8666667342185974,0.0,0.3333333432674408,0.4000000357627868,0.6666666865348816
1953,2vjsfi1x,pe-tot_it-9_fit-hr_exp-feedback_t-sce_chr-1_1_fb-gen_s-2,1,tot,2,feedback,hr,9,0,generic,10000000,array,False,dungeon3,2,1,0.4333333671092987,1.0,1.0,26.000001907348633,1.4000000953674316,0.3000000119209289,0.7666667103767395,0.5333333611488342,0.5333333611488342,1.0
1954,2vjsfi1x,pe-tot_it-9_fit-hr_exp-feedback_t-sce_chr-1_1_fb-gen_s-2,1,tot,2,feedback,hr,9,0,generic,10000000,array,False,dungeon3,2,2,0.3666666746139526,1.0,1.0,26.000001907348633,1.6000001430511477,0.3000000119209289,0.6333333849906921,0.4666666984558105,0.4666666984558105,1.0
1955,2vjsfi1x,pe-tot_it-9_fit-hr_exp-feedback_t-sce_chr-1_1_fb-gen_s-2,1,tot,2,feedback,hr,9,0,generic,10000000,array,False,dungeon3,2,3,0.6333333253860474,1.0,1.0,26.06896591186523,0.2000000178813934,0.9000000357627869,0.9666666984558104,0.9333333969116212,0.9000000357627869,0.9666666984558104
1956,2vjsfi1x,pe-tot_it-9_fit-hr_exp-feedback_t-sce_chr-1_1_fb-gen_s-2,1,tot,2,feedback,hr,9,0,generic,10000000,array,False,dungeon3,2,4,0.5,1.0,1.0,26.066667556762695,1.3000000715255735,0.2000000178813934,0.9333333969116212,0.5666667222976685,0.5666667222976685,1.0
1957,2vjsfi1x,pe-tot_it-9_fit-hr_exp-feedback_t-sce_chr-1_1_fb-gen_s-2,1,tot,2,feedback,hr,9,0,generic,10000000,array,False,dungeon3,2,5,0.4777778387069702,1.0,1.0,26.13793182373047,1.3000000715255735,0.2666666805744171,0.8666667342185974,0.5666667222976685,0.5666667222976685,0.9666666984558104
1958,2vjsfi1x,pe-tot_it-9_fit-hr_exp-feedback_t-sce_chr-1_1_fb-gen_s-2,1,tot,2,feedback,hr,9,0,generic,10000000,array,False,dungeon3,2,6,0.4666666984558105,1.0,1.0,26.85714340209961,1.3000000715255735,0.3000000119209289,0.8333333730697632,0.5666667222976685,0.5333333611488342,0.9333333969116212
1959,2vjsfi1x,pe-tot_it-9_fit-hr_exp-feedback_t-sce_chr-1_1_fb-gen_s-2,1,tot,2,feedback,hr,9,0,generic,10000000,array,False,dungeon3,2,7,0.5111111402511597,1.0,1.0,26.000001907348633,1.3000000715255735,0.1666666716337204,0.9666666984558104,0.5666667222976685,0.5666667222976685,1.0
1960,2vjsfi1x,pe-tot_it-9_fit-hr_exp-feedback_t-sce_chr-1_1_fb-gen_s-2,1,tot,2,feedback,hr,9,0,generic,10000000,array,False,dungeon3,2,8,0.5333333611488342,1.0,1.0,26.066667556762695,1.2000000476837158,0.2000000178813934,1.0,0.6000000238418579,0.6000000238418579,1.0
1961,2vjsfi1x,pe-tot_it-9_fit-hr_exp-feedback_t-sce_chr-1_1_fb-gen_s-2,1,tot,2,feedback,hr,9,0,generic,10000000,array,False,dungeon3,2,9,0.5555556416511536,1.0,1.0,26.000001907348633,1.2000000476837158,0.1333333402872085,1.0666667222976685,0.6000000238418579,0.6000000238418579,1.0
1962,74oh5tqo,pe-tot_it-9_fit-hr_exp-feedback_t-sce_chr-1_1_fb-gen_s-3,1,tot,2,feedback,hr,9,0,generic,10000000,array,False,dungeon3,3,1,0.0,1.0,1.0,26.000001907348633,3.000000238418579,0.0,0.0,0.0,0.0,1.0
1963,74oh5tqo,pe-tot_it-9_fit-hr_exp-feedback_t-sce_chr-1_1_fb-gen_s-3,1,tot,2,feedback,hr,9,0,generic,10000000,array,False,dungeon3,3,2,0.0,1.0,1.0,26.000001907348633,3.000000238418579,0.0,0.0,0.0,0.0,1.0
1964,74oh5tqo,pe-tot_it-9_fit-hr_exp-feedback_t-sce_chr-1_1_fb-gen_s-3,1,tot,2,feedback,hr,9,0,generic,10000000,array,False,dungeon3,3,3,0.0,1.0,1.0,26.000001907348633,3.000000238418579,0.0,0.0,0.0,0.0,1.0
1965,74oh5tqo,pe-tot_it-9_fit-hr_exp-feedback_t-sce_chr-1_1_fb-gen_s-3,1,tot,2,feedback,hr,9,0,generic,10000000,array,False,dungeon3,3,4,0.0,1.0,1.0,26.000001907348633,3.000000238418579,0.0,0.0,0.0,0.0,1.0
1966,74oh5tqo,pe-tot_it-9_fit-hr_exp-feedback_t-sce_chr-1_1_fb-gen_s-3,1,tot,2,feedback,hr,9,0,generic,10000000,array,False,dungeon3,3,5,0.0,1.0,1.0,26.000001907348633,3.000000238418579,0.0,0.0,0.0,0.0,1.0
1967,74oh5tqo,pe-tot_it-9_fit-hr_exp-feedback_t-sce_chr-1_1_fb-gen_s-3,1,tot,2,feedback,hr,9,0,generic,10000000,array,False,dungeon3,3,6,0.0,1.0,1.0,26.000001907348633,3.000000238418579,0.0,0.0,0.0,0.0,1.0
1968,74oh5tqo,pe-tot_it-9_fit-hr_exp-feedback_t-sce_chr-1_1_fb-gen_s-3,1,tot,2,feedback,hr,9,0,generic,10000000,array,False,dungeon3,3,7,0.0,1.0,1.0,26.000001907348633,3.000000238418579,0.0,0.0,0.0,0.0,1.0
1969,74oh5tqo,pe-tot_it-9_fit-hr_exp-feedback_t-sce_chr-1_1_fb-gen_s-3,1,tot,2,feedback,hr,9,0,generic,10000000,array,False,dungeon3,3,8,0.0,1.0,1.0,26.000001907348633,3.000000238418579,0.0,0.0,0.0,0.0,1.0
1970,74oh5tqo,pe-tot_it-9_fit-hr_exp-feedback_t-sce_chr-1_1_fb-gen_s-3,1,tot,2,feedback,hr,9,0,generic,10000000,array,False,dungeon3,3,9,0.0,1.0,1.0,26.000001907348633,3.000000238418579,0.0,0.0,0.0,0.0,1.0
1971,b2jtep1i,pe-tot_it-9_fit-hr_exp-feedback_t-sce_chr-1_1_fb-gen_s-4,1,tot,2,feedback,hr,9,0,generic,10000000,array,False,dungeon3,4,1,0.0,1.0,1.0,26.000001907348633,3.000000238418579,0.0,0.0,0.0,0.0,1.0
1972,b2jtep1i,pe-tot_it-9_fit-hr_exp-feedback_t-sce_chr-1_1_fb-gen_s-4,1,tot,2,feedback,hr,9,0,generic,10000000,array,False,dungeon3,4,2,0.0,1.0,1.0,26.000001907348633,3.000000238418579,0.0,0.0,0.0,0.0,1.0
1973,b2jtep1i,pe-tot_it-9_fit-hr_exp-feedback_t-sce_chr-1_1_fb-gen_s-4,1,tot,2,feedback,hr,9,0,generic,10000000,array,False,dungeon3,4,3,0.0,1.0,1.0,26.000001907348633,3.000000238418579,0.0,0.0,0.0,0.0,1.0
1974,b2jtep1i,pe-tot_it-9_fit-hr_exp-feedback_t-sce_chr-1_1_fb-gen_s-4,1,tot,2,feedback,hr,9,0,generic,10000000,array,False,dungeon3,4,4,0.0,1.0,1.0,26.000001907348633,3.000000238418579,0.0,0.0,0.0,0.0,1.0
1975,b2jtep1i,pe-tot_it-9_fit-hr_exp-feedback_t-sce_chr-1_1_fb-gen_s-4,1,tot,2,feedback,hr,9,0,generic,10000000,array,False,dungeon3,4,5,0.0,1.0,1.0,26.000001907348633,3.000000238418579,0.0,0.0,0.0,0.0,1.0
1976,b2jtep1i,pe-tot_it-9_fit-hr_exp-feedback_t-sce_chr-1_1_fb-gen_s-4,1,tot,2,feedback,hr,9,0,generic,10000000,array,False,dungeon3,4,6,0.0,1.0,1.0,26.000001907348633,3.000000238418579,0.0,0.0,0.0,0.0,1.0
1977,b2jtep1i,pe-tot_it-9_fit-hr_exp-feedback_t-sce_chr-1_1_fb-gen_s-4,1,tot,2,feedback,hr,9,0,generic,10000000,array,False,dungeon3,4,7,0.0,1.0,1.0,26.000001907348633,3.000000238418579,0.0,0.0,0.0,0.0,1.0
1978,b2jtep1i,pe-tot_it-9_fit-hr_exp-feedback_t-sce_chr-1_1_fb-gen_s-4,1,tot,2,feedback,hr,9,0,generic,10000000,array,False,dungeon3,4,8,0.0,1.0,1.0,26.000001907348633,3.000000238418579,0.0,0.0,0.0,0.0,1.0
1979,b2jtep1i,pe-tot_it-9_fit-hr_exp-feedback_t-sce_chr-1_1_fb-gen_s-4,1,tot,2,feedback,hr,9,0,generic,10000000,array,False,dungeon3,4,9,0.0,1.0,1.0,26.000001907348633,3.000000238418579,0.0,0.0,0.0,0.0,1.0
1980,59wo81wu,pe-tot_it-9_fit-hr_exp-feedback_t-sce_chr-1_1_fb-gen_s-5,1,tot,2,feedback,hr,9,0,generic,10000000,array,False,dungeon3,5,1,0.0,1.0,0.4666666984558105,0.0,3.000000238418579,0.0,0.0,0.0,0.0,0.0
1981,59wo81wu,pe-tot_it-9_fit-hr_exp-feedback_t-sce_chr-1_1_fb-gen_s-5,1,tot,2,feedback,hr,9,0,generic,10000000,array,False,dungeon3,5,2,0.0333333350718021,1.0,0.5,26.0,2.9000000953674316,0.0,0.0666666701436042,0.0333333350718021,0.0333333350718021,0.0333333350718021
1982,59wo81wu,pe-tot_it-9_fit-hr_exp-feedback_t-sce_chr-1_1_fb-gen_s-5,1,tot,2,feedback,hr,9,0,generic,10000000,array,False,dungeon3,5,3,0.0,1.0,0.5,0.0,3.000000238418579,0.0,0.0,0.0,0.0,0.0
1983,59wo81wu,pe-tot_it-9_fit-hr_exp-feedback_t-sce_chr-1_1_fb-gen_s-5,1,tot,2,feedback,hr,9,0,generic,10000000,array,False,dungeon3,5,4,0.0,0.9666666984558104,0.3000000119209289,0.0,3.000000238418579,0.0,0.0,0.0,0.0,0.0
1984,59wo81wu,pe-tot_it-9_fit-hr_exp-feedback_t-sce_chr-1_1_fb-gen_s-5,1,tot,2,feedback,hr,9,0,generic,10000000,array,False,dungeon3,5,5,0.0,0.9666666984558104,0.3000000119209289,0.0,3.000000238418579,0.0,0.0,0.0,0.0,0.0
1985,59wo81wu,pe-tot_it-9_fit-hr_exp-feedback_t-sce_chr-1_1_fb-gen_s-5,1,tot,2,feedback,hr,9,0,generic,10000000,array,False,dungeon3,5,6,0.0,1.0,0.3000000119209289,0.0,3.000000238418579,0.0,0.0,0.0,0.0,0.0
1986,59wo81wu,pe-tot_it-9_fit-hr_exp-feedback_t-sce_chr-1_1_fb-gen_s-5,1,tot,2,feedback,hr,9,0,generic,10000000,array,False,dungeon3,5,7,0.0,0.9666666984558104,0.3000000119209289,0.0,3.000000238418579,0.0,0.0,0.0,0.0,0.0
1987,59wo81wu,pe-tot_it-9_fit-hr_exp-feedback_t-sce_chr-1_1_fb-gen_s-5,1,tot,2,feedback,hr,9,0,generic,10000000,array,False,dungeon3,5,8,0.0,1.0,0.3666666746139526,0.0,3.000000238418579,0.0,0.0,0.0,0.0,0.0
1988,59wo81wu,pe-tot_it-9_fit-hr_exp-feedback_t-sce_chr-1_1_fb-gen_s-5,1,tot,2,feedback,hr,9,0,generic,10000000,array,False,dungeon3,5,9,0.0,1.0,0.5,0.0,3.000000238418579,0.0,0.0,0.0,0.0,0.0
1989,6yjst70r,pe-got_it-9_fit-hr_exp-feedback_t-sce_chr-1_1_fb-no_s-1,1,got,2,feedback,hr,9,0,no,10000000,array,False,dungeon3,1,1,0.3333333134651184,1.0,1.0,26.066667556762695,0.0,2.0,0.0,1.0,1.0,1.0
1990,6yjst70r,pe-got_it-9_fit-hr_exp-feedback_t-sce_chr-1_1_fb-no_s-1,1,got,2,feedback,hr,9,0,no,10000000,array,False,dungeon3,1,2,0.6222222447395325,1.0,1.0,26.21428680419922,0.2000000178813934,0.9333333969116212,0.9333333969116212,0.9333333969116212,0.9000000357627869,0.9333333969116212
1991,6yjst70r,pe-got_it-9_fit-hr_exp-feedback_t-sce_chr-1_1_fb-no_s-1,1,got,2,feedback,hr,9,0,no,10000000,array,False,dungeon3,1,3,0.6666666269302368,1.0,1.0,26.200000762939453,0.0,1.0,1.0,1.0,0.9666666984558104,1.0
1992,6yjst70r,pe-got_it-9_fit-hr_exp-feedback_t-sce_chr-1_1_fb-no_s-1,1,got,2,feedback,hr,9,0,no,10000000,array,False,dungeon3,1,4,0.3333333134651184,1.0,1.0,26.000001907348633,0.0,2.0,0.0,1.0,1.0,1.0
1993,6yjst70r,pe-got_it-9_fit-hr_exp-feedback_t-sce_chr-1_1_fb-no_s-1,1,got,2,feedback,hr,9,0,no,10000000,array,False,dungeon3,1,5,0.3333333134651184,1.0,1.0,26.000001907348633,0.0,2.0,0.0,1.0,1.0,1.0
1994,6yjst70r,pe-got_it-9_fit-hr_exp-feedback_t-sce_chr-1_1_fb-no_s-1,1,got,2,feedback,hr,9,0,no,10000000,array,False,dungeon3,1,6,0.3333333134651184,1.0,1.0,26.066667556762695,0.0,2.0,0.0,1.0,1.0,1.0
1995,6yjst70r,pe-got_it-9_fit-hr_exp-feedback_t-sce_chr-1_1_fb-no_s-1,1,got,2,feedback,hr,9,0,no,10000000,array,False,dungeon3,1,7,0.3333333134651184,1.0,1.0,26.066667556762695,0.0,2.0,0.0,1.0,1.0,1.0
1996,6yjst70r,pe-got_it-9_fit-hr_exp-feedback_t-sce_chr-1_1_fb-no_s-1,1,got,2,feedback,hr,9,0,no,10000000,array,False,dungeon3,1,8,0.3333333134651184,1.0,1.0,26.000001907348633,0.0,2.0,0.0,1.0,1.0,1.0
1997,6yjst70r,pe-got_it-9_fit-hr_exp-feedback_t-sce_chr-1_1_fb-no_s-1,1,got,2,feedback,hr,9,0,no,10000000,array,False,dungeon3,1,9,0.3333333134651184,1.0,1.0,26.066667556762695,0.0,2.0,0.0,1.0,0.9333333969116212,1.0
1998,hp8fi9yr,pe-got_it-9_fit-hr_exp-feedback_t-sce_chr-1_1_fb-no_s-2,1,got,2,feedback,hr,9,0,no,10000000,array,False,dungeon3,2,1,0.4111111462116241,1.0,1.0,26.000001907348633,1.4000000953674316,0.3666666746139526,0.7000000476837158,0.5333333611488342,0.5333333611488342,1.0
1999,hp8fi9yr,pe-got_it-9_fit-hr_exp-feedback_t-sce_chr-1_1_fb-no_s-2,1,got,2,feedback,hr,9,0,no,10000000,array,False,dungeon3,2,2,0.422222226858139,1.0,1.0,26.066667556762695,1.4000000953674316,0.3333333432674408,0.7333333492279053,0.5333333611488342,0.5333333611488342,1.0
2000,hp8fi9yr,pe-got_it-9_fit-hr_exp-feedback_t-sce_chr-1_1_fb-no_s-2,1,got,2,feedback,hr,9,0,no,10000000,array,False,dungeon3,2,3,0.422222226858139,1.0,1.0,26.000001907348633,1.4000000953674316,0.3333333432674408,0.7333333492279053,0.5333333611488342,0.5333333611488342,1.0
2001,hp8fi9yr,pe-got_it-9_fit-hr_exp-feedback_t-sce_chr-1_1_fb-no_s-2,1,got,2,feedback,hr,9,0,no,10000000,array,False,dungeon3,2,4,0.422222226858139,1.0,1.0,26.0,1.4000000953674316,0.3333333432674408,0.7333333492279053,0.5333333611488342,0.5333333611488342,0.9666666984558104
2002,hp8fi9yr,pe-got_it-9_fit-hr_exp-feedback_t-sce_chr-1_1_fb-no_s-2,1,got,2,feedback,hr,9,0,no,10000000,array,False,dungeon3,2,5,0.422222226858139,1.0,1.0,26.066667556762695,1.4000000953674316,0.3333333432674408,0.7333333492279053,0.5333333611488342,0.5333333611488342,1.0
2003,hp8fi9yr,pe-got_it-9_fit-hr_exp-feedback_t-sce_chr-1_1_fb-no_s-2,1,got,2,feedback,hr,9,0,no,10000000,array,False,dungeon3,2,6,0.3888888955116272,1.0,1.0,26.000001907348633,1.5000001192092896,0.3333333432674408,0.6666666865348816,0.5,0.5,1.0
2004,hp8fi9yr,pe-got_it-9_fit-hr_exp-feedback_t-sce_chr-1_1_fb-no_s-2,1,got,2,feedback,hr,9,0,no,10000000,array,False,dungeon3,2,7,0.422222226858139,1.0,1.0,26.0,1.4000000953674316,0.3333333432674408,0.7333333492279053,0.5333333611488342,0.5333333611488342,0.9666666984558104
2005,hp8fi9yr,pe-got_it-9_fit-hr_exp-feedback_t-sce_chr-1_1_fb-no_s-2,1,got,2,feedback,hr,9,0,no,10000000,array,False,dungeon3,2,8,0.4000000655651092,1.0,1.0,26.275861740112305,1.4000000953674316,0.4000000357627868,0.6666666865348816,0.5333333611488342,0.5333333611488342,0.9666666984558104
2006,hp8fi9yr,pe-got_it-9_fit-hr_exp-feedback_t-sce_chr-1_1_fb-no_s-2,1,got,2,feedback,hr,9,0,no,10000000,array,False,dungeon3,2,9,0.4111111462116241,1.0,1.0,26.06896591186523,1.5000001192092896,0.2666666805744171,0.7333333492279053,0.5,0.5,0.9666666984558104
2007,cwo4wgsj,pe-got_it-9_fit-hr_exp-feedback_t-sce_chr-1_1_fb-no_s-3,1,got,2,feedback,hr,9,0,no,10000000,array,False,dungeon3,3,1,0.2666667103767395,1.0,1.0,26.25,0.6000000238418579,1.6000001430511477,0.0,0.8000000715255737,0.7333333492279053,0.8000000715255737
2008,cwo4wgsj,pe-got_it-9_fit-hr_exp-feedback_t-sce_chr-1_1_fb-no_s-3,1,got,2,feedback,hr,9,0,no,10000000,array,False,dungeon3,3,2,0.2666667103767395,1.0,1.0,26.25,0.6000000238418579,1.6000001430511477,0.0,0.8000000715255737,0.7333333492279053,0.8000000715255737
2009,cwo4wgsj,pe-got_it-9_fit-hr_exp-feedback_t-sce_chr-1_1_fb-no_s-3,1,got,2,feedback,hr,9,0,no,10000000,array,False,dungeon3,3,3,0.2666667103767395,1.0,1.0,26.25,0.6000000238418579,1.6000001430511477,0.0,0.8000000715255737,0.7333333492279053,0.8000000715255737
2010,cwo4wgsj,pe-got_it-9_fit-hr_exp-feedback_t-sce_chr-1_1_fb-no_s-3,1,got,2,feedback,hr,9,0,no,10000000,array,False,dungeon3,3,4,0.2666667103767395,1.0,1.0,26.25,0.6000000238418579,1.6000001430511477,0.0,0.8000000715255737,0.7333333492279053,0.8000000715255737
2011,cwo4wgsj,pe-got_it-9_fit-hr_exp-feedback_t-sce_chr-1_1_fb-no_s-3,1,got,2,feedback,hr,9,0,no,10000000,array,False,dungeon3,3,5,0.2666667103767395,1.0,1.0,26.25,0.6000000238418579,1.6000001430511477,0.0,0.8000000715255737,0.7333333492279053,0.8000000715255737
2012,cwo4wgsj,pe-got_it-9_fit-hr_exp-feedback_t-sce_chr-1_1_fb-no_s-3,1,got,2,feedback,hr,9,0,no,10000000,array,False,dungeon3,3,6,0.2666667103767395,1.0,1.0,26.25,0.6000000238418579,1.6000001430511477,0.0,0.8000000715255737,0.7333333492279053,0.8000000715255737
2013,cwo4wgsj,pe-got_it-9_fit-hr_exp-feedback_t-sce_chr-1_1_fb-no_s-3,1,got,2,feedback,hr,9,0,no,10000000,array,False,dungeon3,3,7,0.2666667103767395,1.0,1.0,26.25,0.6000000238418579,1.6000001430511477,0.0,0.8000000715255737,0.7333333492279053,0.8000000715255737
2014,cwo4wgsj,pe-got_it-9_fit-hr_exp-feedback_t-sce_chr-1_1_fb-no_s-3,1,got,2,feedback,hr,9,0,no,10000000,array,False,dungeon3,3,8,0.2666667103767395,1.0,1.0,26.25,0.6000000238418579,1.6000001430511477,0.0,0.8000000715255737,0.7333333492279053,0.8000000715255737
2015,cwo4wgsj,pe-got_it-9_fit-hr_exp-feedback_t-sce_chr-1_1_fb-no_s-3,1,got,2,feedback,hr,9,0,no,10000000,array,False,dungeon3,3,9,0.2666667103767395,1.0,1.0,26.25,0.6000000238418579,1.6000001430511477,0.0,0.8000000715255737,0.7333333492279053,0.8000000715255737
2016,2zkehz0b,pe-got_it-9_fit-hr_exp-feedback_t-sce_chr-1_1_fb-no_s-5,1,got,2,feedback,hr,9,0,no,10000000,array,False,dungeon3,5,1,0.8222222328186035,1.0,1.0,26.000001907348633,0.5333333611488342,0.0,2.0,0.4666666984558105,1.0,1.0
2017,2zkehz0b,pe-got_it-9_fit-hr_exp-feedback_t-sce_chr-1_1_fb-no_s-5,1,got,2,feedback,hr,9,0,no,10000000,array,False,dungeon3,5,2,0.8222222328186035,1.0,1.0,26.000001907348633,0.5333333611488342,0.0,2.0,0.4666666984558105,1.0,1.0
2018,2zkehz0b,pe-got_it-9_fit-hr_exp-feedback_t-sce_chr-1_1_fb-no_s-5,1,got,2,feedback,hr,9,0,no,10000000,array,False,dungeon3,5,3,0.8222222328186035,1.0,1.0,26.000001907348633,0.5333333611488342,0.0,2.0,0.4666666984558105,1.0,1.0
2019,2zkehz0b,pe-got_it-9_fit-hr_exp-feedback_t-sce_chr-1_1_fb-no_s-5,1,got,2,feedback,hr,9,0,no,10000000,array,False,dungeon3,5,4,0.8222222328186035,1.0,1.0,26.000001907348633,0.5333333611488342,0.0,2.0,0.4666666984558105,1.0,1.0
2020,2zkehz0b,pe-got_it-9_fit-hr_exp-feedback_t-sce_chr-1_1_fb-no_s-5,1,got,2,feedback,hr,9,0,no,10000000,array,False,dungeon3,5,5,0.9111111760139464,1.0,1.0,26.000001907348633,0.2666666805744171,0.0,2.0,0.7333333492279053,1.0,1.0
2021,2zkehz0b,pe-got_it-9_fit-hr_exp-feedback_t-sce_chr-1_1_fb-no_s-5,1,got,2,feedback,hr,9,0,no,10000000,array,False,dungeon3,5,6,0.9111111760139464,1.0,1.0,26.000001907348633,0.2666666805744171,0.0,2.0,0.7333333492279053,1.0,1.0
2022,2zkehz0b,pe-got_it-9_fit-hr_exp-feedback_t-sce_chr-1_1_fb-no_s-5,1,got,2,feedback,hr,9,0,no,10000000,array,False,dungeon3,5,7,0.9111111760139464,1.0,1.0,26.000001907348633,0.2666666805744171,0.0,2.0,0.7333333492279053,1.0,1.0
2023,2zkehz0b,pe-got_it-9_fit-hr_exp-feedback_t-sce_chr-1_1_fb-no_s-5,1,got,2,feedback,hr,9,0,no,10000000,array,False,dungeon3,5,8,0.9111111760139464,1.0,1.0,26.000001907348633,0.2666666805744171,0.0,2.0,0.7333333492279053,1.0,1.0
2024,2zkehz0b,pe-got_it-9_fit-hr_exp-feedback_t-sce_chr-1_1_fb-no_s-5,1,got,2,feedback,hr,9,0,no,10000000,array,False,dungeon3,5,9,0.9111111760139464,1.0,1.0,26.000001907348633,0.2666666805744171,0.0,2.0,0.7333333492279053,1.0,1.0
2025,i5u2f5dj,pe-tot_it-9_fit-hr_exp-feedback_t-sce_chr-1_1_fb-no_s-1,1,tot,2,feedback,hr,9,0,no,10000000,array,False,dungeon3,1,1,0.3111111223697662,1.0,1.0,26.000001907348633,0.2000000178813934,1.8666667938232424,0.0,0.9333333969116212,0.9000000357627869,0.9333333969116212
2026,i5u2f5dj,pe-tot_it-9_fit-hr_exp-feedback_t-sce_chr-1_1_fb-no_s-1,1,tot,2,feedback,hr,9,0,no,10000000,array,False,dungeon3,1,2,0.3222222030162811,1.0,1.0,26.06896591186523,0.1000000089406967,1.933333396911621,0.0,0.9666666984558104,0.7333333492279053,0.9666666984558104
2027,i5u2f5dj,pe-tot_it-9_fit-hr_exp-feedback_t-sce_chr-1_1_fb-no_s-1,1,tot,2,feedback,hr,9,0,no,10000000,array,False,dungeon3,1,3,0.2555555999279022,1.0,0.9333333969116212,26.08333396911621,0.6333333849906921,1.6000001430511477,0.0,0.7666667103767395,0.4000000357627868,0.8000000715255737
2028,i5u2f5dj,pe-tot_it-9_fit-hr_exp-feedback_t-sce_chr-1_1_fb-no_s-1,1,tot,2,feedback,hr,9,0,no,10000000,array,False,dungeon3,1,4,0.3333333134651184,1.0,1.0,26.000001907348633,0.0,2.0,0.0,1.0,1.0,1.0
2029,i5u2f5dj,pe-tot_it-9_fit-hr_exp-feedback_t-sce_chr-1_1_fb-no_s-1,1,tot,2,feedback,hr,9,0,no,10000000,array,False,dungeon3,1,5,0.3000000119209289,1.0,1.0,26.148147583007812,0.3000000119209289,1.8000000715255735,0.0,0.9000000357627869,0.7000000476837158,0.9000000357627869
2030,i5u2f5dj,pe-tot_it-9_fit-hr_exp-feedback_t-sce_chr-1_1_fb-no_s-1,1,tot,2,feedback,hr,9,0,no,10000000,array,False,dungeon3,1,6,0.3333333134651184,1.0,1.0,26.000001907348633,0.0,2.0,0.0,1.0,1.0,1.0
2031,i5u2f5dj,pe-tot_it-9_fit-hr_exp-feedback_t-sce_chr-1_1_fb-no_s-1,1,tot,2,feedback,hr,9,0,no,10000000,array,False,dungeon3,1,7,0.3333333134651184,1.0,1.0,26.066667556762695,0.0,2.0,0.0,1.0,0.9666666984558104,1.0
2032,i5u2f5dj,pe-tot_it-9_fit-hr_exp-feedback_t-sce_chr-1_1_fb-no_s-1,1,tot,2,feedback,hr,9,0,no,10000000,array,False,dungeon3,1,8,0.3333333134651184,1.0,1.0,26.000001907348633,0.0,2.0,0.0,1.0,1.0,1.0
2033,i5u2f5dj,pe-tot_it-9_fit-hr_exp-feedback_t-sce_chr-1_1_fb-no_s-1,1,tot,2,feedback,hr,9,0,no,10000000,array,False,dungeon3,1,9,0.3333333134651184,1.0,1.0,26.000001907348633,0.0,2.0,0.0,1.0,0.9666666984558104,1.0
2034,cynmsgi0,pe-tot_it-9_fit-hr_exp-feedback_t-sce_chr-1_1_fb-no_s-2,1,tot,2,feedback,hr,9,0,no,10000000,array,False,dungeon3,2,1,0.7000000476837158,1.0,1.0,26.000001907348633,0.5,0.4000000357627868,1.2666667699813845,0.8333333730697632,0.8333333730697632,1.0
2035,cynmsgi0,pe-tot_it-9_fit-hr_exp-feedback_t-sce_chr-1_1_fb-no_s-2,1,tot,2,feedback,hr,9,0,no,10000000,array,False,dungeon3,2,2,0.4555555582046509,1.0,1.0,26.000001907348633,1.5000001192092896,0.1333333402872085,0.8666667342185974,0.5,0.5,1.0
2036,cynmsgi0,pe-tot_it-9_fit-hr_exp-feedback_t-sce_chr-1_1_fb-no_s-2,1,tot,2,feedback,hr,9,0,no,10000000,array,False,dungeon3,2,3,0.4333333671092987,1.0,1.0,26.000001907348633,1.6000001430511477,0.1000000089406967,0.8333333730697632,0.4666666984558105,0.4666666984558105,1.0
2037,cynmsgi0,pe-tot_it-9_fit-hr_exp-feedback_t-sce_chr-1_1_fb-no_s-2,1,tot,2,feedback,hr,9,0,no,10000000,array,False,dungeon3,2,4,0.5777778029441833,1.0,1.0,26.000001907348633,1.2000000476837158,0.0666666701436042,1.133333444595337,0.6000000238418579,0.6000000238418579,1.0
2038,cynmsgi0,pe-tot_it-9_fit-hr_exp-feedback_t-sce_chr-1_1_fb-no_s-2,1,tot,2,feedback,hr,9,0,no,10000000,array,False,dungeon3,2,5,0.4333333671092987,1.0,1.0,26.000001907348633,1.6000001430511477,0.1000000089406967,0.8333333730697632,0.4666666984558105,0.4666666984558105,1.0
2039,cynmsgi0,pe-tot_it-9_fit-hr_exp-feedback_t-sce_chr-1_1_fb-no_s-2,1,tot,2,feedback,hr,9,0,no,10000000,array,False,dungeon3,2,6,0.4666666984558105,1.0,1.0,26.000001907348633,1.5000001192092896,0.1000000089406967,0.9000000357627869,0.5,0.5,1.0
2040,cynmsgi0,pe-tot_it-9_fit-hr_exp-feedback_t-sce_chr-1_1_fb-no_s-2,1,tot,2,feedback,hr,9,0,no,10000000,array,False,dungeon3,2,7,0.3777778148651123,1.0,1.0,26.000001907348633,1.8000000715255735,0.0666666701436042,0.7333333492279053,0.4000000357627868,0.4000000357627868,1.0
2041,cynmsgi0,pe-tot_it-9_fit-hr_exp-feedback_t-sce_chr-1_1_fb-no_s-2,1,tot,2,feedback,hr,9,0,no,10000000,array,False,dungeon3,2,8,0.4555555582046509,1.0,1.0,26.000001907348633,1.5000001192092896,0.1333333402872085,0.8666667342185974,0.5,0.5,1.0
2042,cynmsgi0,pe-tot_it-9_fit-hr_exp-feedback_t-sce_chr-1_1_fb-no_s-2,1,tot,2,feedback,hr,9,0,no,10000000,array,False,dungeon3,2,9,0.3555555939674377,1.0,1.0,26.000001907348633,1.8000000715255735,0.1333333402872085,0.6666666865348816,0.4000000357627868,0.4000000357627868,1.0
2043,6oxzgh1z,pe-tot_it-9_fit-hr_exp-feedback_t-sce_chr-1_1_fb-no_s-3,1,tot,2,feedback,hr,9,0,no,10000000,array,False,dungeon3,3,1,1.0,1.0,1.0,26.000001907348633,0.0,0.0,2.0,1.0,1.0,1.0
2044,6oxzgh1z,pe-tot_it-9_fit-hr_exp-feedback_t-sce_chr-1_1_fb-no_s-3,1,tot,2,feedback,hr,9,0,no,10000000,array,False,dungeon3,3,2,1.0,1.0,1.0,26.000001907348633,0.0,0.0,2.0,1.0,1.0,1.0
2045,6oxzgh1z,pe-tot_it-9_fit-hr_exp-feedback_t-sce_chr-1_1_fb-no_s-3,1,tot,2,feedback,hr,9,0,no,10000000,array,False,dungeon3,3,3,1.0,1.0,1.0,26.000001907348633,0.0,0.0,2.0,1.0,1.0,1.0
2046,6oxzgh1z,pe-tot_it-9_fit-hr_exp-feedback_t-sce_chr-1_1_fb-no_s-3,1,tot,2,feedback,hr,9,0,no,10000000,array,False,dungeon3,3,4,1.0,1.0,1.0,26.000001907348633,0.0,0.0,2.0,1.0,1.0,1.0
2047,6oxzgh1z,pe-tot_it-9_fit-hr_exp-feedback_t-sce_chr-1_1_fb-no_s-3,1,tot,2,feedback,hr,9,0,no,10000000,array,False,dungeon3,3,5,1.0,1.0,1.0,26.000001907348633,0.0,0.0,2.0,1.0,1.0,1.0
2048,6oxzgh1z,pe-tot_it-9_fit-hr_exp-feedback_t-sce_chr-1_1_fb-no_s-3,1,tot,2,feedback,hr,9,0,no,10000000,array,False,dungeon3,3,6,1.0,1.0,1.0,26.000001907348633,0.0,0.0,2.0,1.0,1.0,1.0
2049,6oxzgh1z,pe-tot_it-9_fit-hr_exp-feedback_t-sce_chr-1_1_fb-no_s-3,1,tot,2,feedback,hr,9,0,no,10000000,array,False,dungeon3,3,7,1.0,1.0,1.0,26.000001907348633,0.0,0.0,2.0,1.0,1.0,1.0
2050,6oxzgh1z,pe-tot_it-9_fit-hr_exp-feedback_t-sce_chr-1_1_fb-no_s-3,1,tot,2,feedback,hr,9,0,no,10000000,array,False,dungeon3,3,8,1.0,1.0,1.0,26.000001907348633,0.0,0.0,2.0,1.0,1.0,1.0
2051,6oxzgh1z,pe-tot_it-9_fit-hr_exp-feedback_t-sce_chr-1_1_fb-no_s-3,1,tot,2,feedback,hr,9,0,no,10000000,array,False,dungeon3,3,9,1.0,1.0,1.0,26.000001907348633,0.0,0.0,2.0,1.0,1.0,1.0
2052,a0222fow,pe-tot_it-9_fit-hr_exp-feedback_t-sce_chr-1_1_fb-no_s-4,1,tot,2,feedback,hr,9,0,no,10000000,array,False,dungeon3,4,1,0.4000000357627868,1.0,1.0,27.30434799194336,1.8000000715255735,0.0,0.8000000715255737,0.4000000357627868,0.3666666746139526,0.7666667103767395
2053,a0222fow,pe-tot_it-9_fit-hr_exp-feedback_t-sce_chr-1_1_fb-no_s-4,1,tot,2,feedback,hr,9,0,no,10000000,array,False,dungeon3,4,2,0.3222222030162811,1.0,1.0,26.0,0.1000000089406967,1.933333396911621,0.0,0.9666666984558104,0.9666666984558104,0.9666666984558104
2054,a0222fow,pe-tot_it-9_fit-hr_exp-feedback_t-sce_chr-1_1_fb-no_s-4,1,tot,2,feedback,hr,9,0,no,10000000,array,False,dungeon3,4,3,0.4000000357627868,1.0,1.0,27.30434799194336,1.8000000715255735,0.0,0.8000000715255737,0.4000000357627868,0.3666666746139526,0.7666667103767395
2055,a0222fow,pe-tot_it-9_fit-hr_exp-feedback_t-sce_chr-1_1_fb-no_s-4,1,tot,2,feedback,hr,9,0,no,10000000,array,False,dungeon3,4,4,0.4000000357627868,1.0,1.0,27.30434799194336,1.8000000715255735,0.0,0.8000000715255737,0.4000000357627868,0.3666666746139526,0.7666667103767395
2056,a0222fow,pe-tot_it-9_fit-hr_exp-feedback_t-sce_chr-1_1_fb-no_s-4,1,tot,2,feedback,hr,9,0,no,10000000,array,False,dungeon3,4,5,0.4000000357627868,1.0,1.0,27.30434799194336,1.8000000715255735,0.0,0.8000000715255737,0.4000000357627868,0.3666666746139526,0.7666667103767395
2057,a0222fow,pe-tot_it-9_fit-hr_exp-feedback_t-sce_chr-1_1_fb-no_s-4,1,tot,2,feedback,hr,9,0,no,10000000,array,False,dungeon3,4,6,0.4000000357627868,1.0,1.0,27.30434799194336,1.8000000715255735,0.0,0.8000000715255737,0.4000000357627868,0.3666666746139526,0.7666667103767395
2058,a0222fow,pe-tot_it-9_fit-hr_exp-feedback_t-sce_chr-1_1_fb-no_s-4,1,tot,2,feedback,hr,9,0,no,10000000,array,False,dungeon3,4,7,0.4000000357627868,1.0,1.0,27.30434799194336,1.8000000715255735,0.0,0.8000000715255737,0.4000000357627868,0.3666666746139526,0.7666667103767395
2059,a0222fow,pe-tot_it-9_fit-hr_exp-feedback_t-sce_chr-1_1_fb-no_s-4,1,tot,2,feedback,hr,9,0,no,10000000,array,False,dungeon3,4,8,0.4000000357627868,1.0,1.0,27.30434799194336,1.8000000715255735,0.0,0.8000000715255737,0.4000000357627868,0.3666666746139526,0.7666667103767395
2060,a0222fow,pe-tot_it-9_fit-hr_exp-feedback_t-sce_chr-1_1_fb-no_s-4,1,tot,2,feedback,hr,9,0,no,10000000,array,False,dungeon3,4,9,0.4000000357627868,1.0,1.0,27.30434799194336,1.8000000715255735,0.0,0.8000000715255737,0.4000000357627868,0.3666666746139526,0.7666667103767395
2061,mok07ipx,pe-tot_it-9_fit-hr_exp-feedback_t-sce_chr-1_1_fb-no_s-5,1,tot,2,feedback,hr,9,0,no,10000000,array,False,dungeon3,5,1,0.0777777880430221,0.9666666984558104,0.7333333492279053,26.600000381469727,2.6000001430511475,0.1666666716337204,0.1000000089406967,0.1333333402872085,0.1333333402872085,0.3333333432674408
2062,mok07ipx,pe-tot_it-9_fit-hr_exp-feedback_t-sce_chr-1_1_fb-no_s-5,1,tot,2,feedback,hr,9,0,no,10000000,array,False,dungeon3,5,2,0.0,1.0,0.4000000357627868,0.0,3.000000238418579,0.0,0.0,0.0,0.0,0.0
2063,mok07ipx,pe-tot_it-9_fit-hr_exp-feedback_t-sce_chr-1_1_fb-no_s-5,1,tot,2,feedback,hr,9,0,no,10000000,array,False,dungeon3,5,3,0.0444444492459297,1.0,0.7666667103767395,26.571430206298828,2.8000001907348633,0.0666666701436042,0.0666666701436042,0.0666666701436042,0.0666666701436042,0.2333333492279052
2064,mok07ipx,pe-tot_it-9_fit-hr_exp-feedback_t-sce_chr-1_1_fb-no_s-5,1,tot,2,feedback,hr,9,0,no,10000000,array,False,dungeon3,5,4,0.0,1.0,0.5,0.0,3.000000238418579,0.0,0.0,0.0,0.0,0.0
2065,mok07ipx,pe-tot_it-9_fit-hr_exp-feedback_t-sce_chr-1_1_fb-no_s-5,1,tot,2,feedback,hr,9,0,no,10000000,array,False,dungeon3,5,5,0.0444444492459297,0.6000000238418579,0.2000000178813934,28.0,2.866666793823242,0.0,0.1333333402872085,0.0,0.0666666701436042,0.2000000178813934
2066,mok07ipx,pe-tot_it-9_fit-hr_exp-feedback_t-sce_chr-1_1_fb-no_s-5,1,tot,2,feedback,hr,9,0,no,10000000,array,False,dungeon3,5,6,0.3444444835186004,0.8000000715255737,0.6000000238418579,27.0,1.9666668176651,0.0,0.7333333492279053,0.3000000119209289,0.3666666746139526,0.6000000238418579
2067,mok07ipx,pe-tot_it-9_fit-hr_exp-feedback_t-sce_chr-1_1_fb-no_s-5,1,tot,2,feedback,hr,9,0,no,10000000,array,False,dungeon3,5,7,0.0,0.6000000238418579,0.1000000089406967,0.0,3.000000238418579,0.0,0.0,0.0,0.0,0.0
2068,mok07ipx,pe-tot_it-9_fit-hr_exp-feedback_t-sce_chr-1_1_fb-no_s-5,1,tot,2,feedback,hr,9,0,no,10000000,array,False,dungeon3,5,8,0.0,0.6000000238418579,0.1000000089406967,0.0,3.000000238418579,0.0,0.0,0.0,0.0,0.0
2069,mok07ipx,pe-tot_it-9_fit-hr_exp-feedback_t-sce_chr-1_1_fb-no_s-5,1,tot,2,feedback,hr,9,0,no,10000000,array,False,dungeon3,5,9,0.0222222246229648,0.6333333849906921,0.1000000089406967,26.0,2.933333396911621,0.0,0.0666666701436042,0.0,0.0333333350718021,0.0333333350718021
